county,state,sq ki
,,
,,
Autauga,Alabama,1543.7
Baldwin,Alabama,4135
Barbour,Alabama,2292.1
Bibb,Alabama,1611.9
Blount,Alabama,1672.3
Bullock,Alabama,1618.9
Butler,Alabama,2012.3
Calhoun,Alabama,1576
Chambers,Alabama,1547.3
Cherokee,Alabama,1432.7
Chilton,Alabama,1797.6
Choctaw,Alabama,2366.2
Clarke,Alabama,3207.7
Clay,Alabama,1567.3
Cleburne,Alabama,1450.9
Coffee,Alabama,1759.1
Colbert,Alabama,1539.9
Conecuh,Alabama,2203.8
Coosa,Alabama,1690
Covington,Alabama,2679.9
Crenshaw,Alabama,1578.9
Cullman,Alabama,1912.7
Dale,Alabama,1453.3
Dallas,Alabama,2540.3
DeKalb,Alabama,2015
Elmore,Alabama,1609.9
Escambia,Alabama,2454
Etowah,Alabama,1385.2
Fayette,Alabama,1626
Franklin,Alabama,1646.4
Geneva,Alabama,1492.8
Greene,Alabama,1673
Hale,Alabama,1667.4
Henry,Alabama,1455.5
Houston,Alabama,1503.3
Jackson,Alabama,2794.1
Jefferson,Alabama,2881.8
Lamar,Alabama,1566.7
Lauderdale,Alabama,1734.1
Lawrence,Alabama,1796
Lee,Alabama,1576.8
Limestone,Alabama,1471.4
Lowndes,Alabama,1859.6
Macon,Alabama,1581.4
Madison,Alabama,2084.8
Marengo,Alabama,2530.7
Marion,Alabama,1920.4
Marshall,Alabama,1468.8
Mobile,Alabama,3194.4
Monroe,Alabama,2657.3
Montgomery,Alabama,2045.8
Morgan,Alabama,1508
Perry,Alabama,1863.6
Pickens,Alabama,2283
Pike,Alabama,1738.1
Randolph,Alabama,1505
Russell,Alabama,1660.5
St.,Alabama,1642
Shelby,Alabama,2058.8
Sumter,Alabama,2343.9
Talladega,Alabama,1915.6
Tallapoosa,Alabama,1859.7
Tuscaloosa,Alabama,3432.4
Walker,Alabama,2057.6
Washington,Alabama,2799.1
Wilcox,Alabama,2301.9
Winston,Alabama,1591.5
Aleutians,Alaska,18090.5
Aleutians,Alaska,11401.5
Anchorage,Alaska,4396.9
Bethel,Alaska,106416.4
Bristol,Alaska,1344.8
,,
Dillingham,Alaska,47829.3
Fairbanks,Alaska,19068.7
Haines,Alaska,6104.6
,,
Juneau,Alaska,6717.3
Kenai,Alaska,41644.4
Ketchikan,Alaska,3158.9
Kodiak,Alaska,16738.1
Lake,Alaska,61207.7
Matanuska-Susitna,Alaska,63956.5
Nome,Alaska,59602.5
North,Alaska,227558.7
Northwest,Alaska,92883.8
,,
Prince,Alaska,18970.4
Sitka,Alaska,7463
Skagway-Yakutat-Angoon,Alaska,33360.8
Southeast,Alaska,67324.7
Valdez-Cordova,Alaska,95688.5
Wade,Alaska,44351.4
Wrangell-Petersburg,Alaska,15044.1
Yukon-Koyukuk,Alaska,406944.1
Apache,Arizona,29022.7
Cochise,Arizona,15980.3
Coconino,Arizona,48223.5
Gila,Arizona,12349.3
Graham,Arizona,11990.8
Greenlee,Arizona,4784.1
La,Arizona,11653.9
Maricopa,Arizona,23838.5
Mohave,Arizona,34479.2
Navajo,Arizona,25780.3
Pima,Arizona,23794.3
Pinal,Arizona,13908.3
Santa,Arizona,3205.8
Yavapai,Arizona,21040
Yuma,Arizona,14282.4
Arkansas,Arkansas,2560.3
Ashley,Arkansas,2386.3
Baxter,Arkansas,1435.9
Benton,Arkansas,2184.2
Boone,Arkansas,1531.3
Bradley,Arkansas,1685.3
Calhoun,Arkansas,1627.4
Carroll,Arkansas,1641.5
Chicot,Arkansas,1668.1
Clark,Arkansas,2241.7
Clay,Arkansas,1655.9
Cleburne,Arkansas,1432.5
Cleveland,Arkansas,1548.2
Columbia,Arkansas,1984.4
Conway,Arkansas,1440.6
Craighead,Arkansas,1841
Crawford,Arkansas,1542.3
Crittenden,Arkansas,1581.2
Cross,Arkansas,1595.2
Dallas,Arkansas,1728.7
Desha,Arkansas,1981.4
Drew,Arkansas,2145.1
Faulkner,Arkansas,1676.7
Franklin,Arkansas,1578.9
Fulton,Arkansas,1601.2
Garland,Arkansas,1756.2
Grant,Arkansas,1636.4
Greene,Arkansas,1495.9
Hempstead,Arkansas,1887.7
Hot,Arkansas,1592.8
Howard,Arkansas,1521.5
Independence,Arkansas,1978.4
Izard,Arkansas,1504.1
Jackson,Arkansas,1641
Jefferson,Arkansas,2291.6
Johnson,Arkansas,1715.1
Lafayette,Arkansas,1363.7
Lawrence,Arkansas,1519.3
Lee,Arkansas,1558.4
Lincoln,Arkansas,1453.6
Little,Arkansas,1377.3
Logan,Arkansas,1838.7
Lonoke,Arkansas,1982.6
Madison,Arkansas,2167.7
Marion,Arkansas,1548.1
Miller,Arkansas,1616.3
Mississippi,Arkansas,2326.6
Monroe,Arkansas,1571.4
Montgomery,Arkansas,2022.7
Nevada,Arkansas,1605.8
Newton,Arkansas,2131.6
Ouachita,Arkansas,1897.2
Perry,Arkansas,1427
Phillips,Arkansas,1794.2
Pike,Arkansas,1561.9
Poinsett,Arkansas,1962.7
Polk,Arkansas,2226
Pope,Arkansas,2103
Prairie,Arkansas,1673.1
Pulaski,Arkansas,1996.8
Randolph,Arkansas,1688.3
St.,Arkansas,1641.8
Saline,Arkansas,1877.1
Scott,Arkansas,2315.3
Searcy,Arkansas,1728
Sebastian,Arkansas,1389.2
Sevier,Arkansas,1460.7
Sharp,Arkansas,1565.4
Stone,Arkansas,1571.2
Union,Arkansas,2691
Van,Arkansas,1842.9
Washington,Arkansas,2461.1
White,Arkansas,2678.4
Woodruff,Arkansas,1519.3
Yell,Arkansas,2403.2
Alameda,California,1910.1
Alpine,California,1913.1
Amador,California,1534.7
Butte,California,4246.6
Calaveras,California,2642.3
Colusa,California,2980.5
Contra,California,1865.5
Del,California,2610.4
El,California,4432.8
Fresno,California,15444.7
Glenn,California,3405.5
Humboldt,California,9253.5
Imperial,California,10813.4
Inyo,California,26397.5
Kern,California,21086.8
Kings,California,3598.8
Lake,California,3259.4
Lassen,California,11803.9
Los,California,10515.3
Madera,California,5538.5
Marin,California,1346.2
Mariposa,California,3758.6
Mendocino,California,9089
Merced,California,4995.8
Modoc,California,10215.9
Mono,California,7885.2
Monterey,California,8603.8
Napa,California,1952.5
Nevada,California,2480.3
Orange,California,2045.3
Placer,California,3637.4
Plumas,California,6614.8
Riverside,California,18669.1
Sacramento,California,2501.1
San,California,3597.9
San,California,51961.2
San,California,10889.6
San,California,121
San,California,3624.1
San,California,8558.7
San,California,1163.2
Santa,California,7092.6
Santa,California,3344.3
Santa,California,1154.3
Shasta,California,9804.8
Sierra,California,2469.4
Siskiyou,California,16284
Solano,California,2145
Sonoma,California,4082.4
Stanislaus,California,3870.9
Sutter,California,1561
Tehama,California,7643.2
Trinity,California,8233.3
Tulare,California,12495
Tuolumne,California,5790.3
Ventura,California,4781
Yolo,California,2622.2
Yuba,California,1632.9
Adams,Colorado,3087.3
Alamosa,Colorado,1872
Arapahoe,Colorado,2080.2
Archuleta,Colorado,3494.9
Baca,Colorado,6619.7
Bent,Colorado,3921.3
Boulder,Colorado,1923
,,
Chaffee,Colorado,2625
Cheyenne,Colorado,4614
Clear,Colorado,1024.2
Conejos,Colorado,3334.2
Costilla,Colorado,3177.9
Crowley,Colorado,2043.6
Custer,Colorado,1913.8
Delta,Colorado,2958.3
Denver,Colorado,397
Dolores,Colorado,2763.6
Douglas,Colorado,2176
Eagle,Colorado,4371.8
Elbert,Colorado,4793.8
El,Colorado,5508.1
Fremont,Colorado,3970.6
Garfield,Colorado,7634
Gilpin,Colorado,388.2
Grand,Colorado,4790.9
Gunnison,Colorado,8389.5
Hinsdale,Colorado,2895
Huerfano,Colorado,4120.3
Jackson,Colorado,4178.5
Jefferson,Colorado,2000.1
Kiowa,Colorado,4587.2
Kit,Colorado,5597
Lake,Colorado,976.2
La,Colorado,4382.5
Larimer,Colorado,6737.7
Las,Colorado,12362
Lincoln,Colorado,6698.4
Logan,Colorado,4762
Mesa,Colorado,8619.3
Mineral,Colorado,2268.4
Moffat,Colorado,12283.1
Montezuma,Colorado,5275.7
Montrose,Colorado,5803.5
Morgan,Colorado,3329.3
Otero,Colorado,3271
Ouray,Colorado,1404
Park,Colorado,5700.1
Phillips,Colorado,1781
Pitkin,Colorado,2512.8
Prowers,Colorado,4248.9
Pueblo,Colorado,6187
Rio,Colorado,8342.8
Rio,Colorado,2363.6
Routt,Colorado,6117
Saguache,Colorado,8206.8
San,Colorado,1003.5
San,Colorado,3332.1
Sedgwick,Colorado,1420
Summit,Colorado,1575.3
Teller,Colorado,1442.9
Washington,Colorado,6529.8
Weld,Colorado,10341.3
Yuma,Colorado,6128.3
Fairfield,Connecticut,1621
Hartford,Connecticut,1904.9
Litchfield,Connecticut,2382.8
Middlesex,Connecticut,956.4
New,Connecticut,1569
New,Connecticut,1725.1
Tolland,Connecticut,1062.1
Windham,Connecticut,1328.2
Kent,Delaware,1529.8
New,Delaware,1104.1
Sussex,Delaware,2428.5
District,Delaware,159.1
Alachua,Florida,2264.4
Baker,Florida,1515.8
Bay,Florida,1978.1
Bradford,Florida,759.3
Brevard,Florida,2637.9
Broward,Florida,3131
Calhoun,Florida,1469.5
Charlotte,Florida,1796.6
Citrus,Florida,1511.5
Clay,Florida,1557
Collier,Florida,5245.9
Columbia,Florida,2064.6
DeSoto,Florida,1650.7
Dixie,Florida,1823.5
Duval,Florida,2004.3
Escambia,Florida,1718.8
Flagler,Florida,1256.2
Franklin,Florida,1383
Gadsden,Florida,1336.9
Gilchrist,Florida,903.6
Glades,Florida,2003.4
Gulf,Florida,1463.5
Hamilton,Florida,1333.5
Hardee,Florida,1650.8
Hendry,Florida,2985.5
Hernando,Florida,1238.8
Highlands,Florida,2663.8
Hillsborough,Florida,2722.1
Holmes,Florida,1249.8
Indian,Florida,1303.4
Jackson,Florida,2371.9
Jefferson,Florida,1548.3
Lafayette,Florida,1405.9
Lake,Florida,2468.5
Lee,Florida,2081.3
Leon,Florida,1727
Levy,Florida,2896.8
Liberty,Florida,2165.1
Madison,Florida,1792.2
Manatee,Florida,1919.7
Marion,Florida,4089.6
Martin,Florida,1439.2
Dade,Florida,5036.7
Monroe,Florida,2582.9
Nassau,Florida,1687.7
Okaloosa,Florida,2423.7
Okeechobee,Florida,2005.5
Orange,Florida,2350.8
Osceola,Florida,3424
Palm,Florida,5268.9
Pasco,Florida,1929.5
Pinellas,Florida,725.6
Polk,Florida,4856.1
Putnam,Florida,1870.4
St.,Florida,1577.4
St.,Florida,1482.8
Santa,Florida,2631
Sarasota,Florida,1480.8
Seminole,Florida,798.3
Sumter,Florida,1413.3
Suwannee,Florida,1781.1
Taylor,Florida,2698.6
Union,Florida,622.4
Volusia,Florida,2864.2
Wakulla,Florida,1571.3
Walton,Florida,2739.4
Washington,Florida,1501.9
Appling,Georgia,1317.7
Atkinson,Georgia,875.7
Bacon,Georgia,738.1
Baker,Georgia,889
Baldwin,Georgia,669.5
Banks,Georgia,605.2
Barrow,Georgia,420.2
Bartow,Georgia,1191.1
Ben,Georgia,652.3
Berrien,Georgia,1171.9
Bibb,Georgia,647.5
Bleckley,Georgia,563.1
Brantley,Georgia,1151.1
Brooks,Georgia,1278.7
Bryan,Georgia,1144.1
Bulloch,Georgia,1767.9
Burke,Georgia,2151.1
Butts,Georgia,483.3
Calhoun,Georgia,725.7
Camden,Georgia,1631.6
Candler,Georgia,639.7
Carroll,Georgia,1293.1
Catoosa,Georgia,420.2
Charlton,Georgia,2022.3
Chatham,Georgia,1140.6
Chattahoochee,Georgia,644.4
Chattooga,Georgia,812.6
Cherokee,Georgia,1097.5
Clarke,Georgia,313
Clay,Georgia,505.6
Clayton,Georgia,369.5
Clinch,Georgia,2096.2
Cobb,Georgia,881.2
Coffee,Georgia,1551.7
Colquitt,Georgia,1430.5
Columbia,Georgia,751.2
Cook,Georgia,593.4
Coweta,Georgia,1147.5
Crawford,Georgia,842.1
Crisp,Georgia,709.2
Dade,Georgia,450.5
Dawson,Georgia,546.6
Decatur,Georgia,1545.8
De,Georgia,694.9
Dodge,Georgia,1296.7
Dooly,Georgia,1017.8
Dougherty,Georgia,853.9
Douglas,Georgia,516.2
Early,Georgia,1324.2
Echols,Georgia,1046.8
Effingham,Georgia,1241.9
Elbert,Georgia,955.2
Emanuel,Georgia,1776.6
Evans,Georgia,479.2
Fannin,Georgia,999.1
Fayette,Georgia,511.3
Floyd,Georgia,1329.4
Forsyth,Georgia,584.8
Franklin,Georgia,682
Fulton,Georgia,1369.3
Gilmer,Georgia,1105.2
Glascock,Georgia,373.5
Glynn,Georgia,1094
Gordon,Georgia,919.8
Grady,Georgia,1186.6
Greene,Georgia,1005.9
Gwinnett,Georgia,1121.1
Habersham,Georgia,720.6
Hall,Georgia,1019.6
Hancock,Georgia,1225.9
Haralson,Georgia,730.8
Harris,Georgia,1201.1
Hart,Georgia,601.5
Heard,Georgia,766.8
Henry,Georgia,835.8
Houston,Georgia,975.9
Irwin,Georgia,924.2
Jackson,Georgia,886.8
Jasper,Georgia,959.5
Jeff,Georgia,863.5
Jefferson,Georgia,1366.7
Jenkins,Georgia,906.1
Johnson,Georgia,788.5
Jones,Georgia,1019.9
Lamar,Georgia,478.7
Lanier,Georgia,483.9
Laurens,Georgia,2104.7
Lee,Georgia,921.5
Liberty,Georgia,1344.5
Lincoln,Georgia,546.8
Long,Georgia,1038.7
Lowndes,Georgia,1306
Lumpkin,Georgia,736.8
McDuffie,Georgia,672.9
McIntosh,Georgia,1122.7
Macon,Georgia,1044.6
Madison,Georgia,736.7
Marion,Georgia,950.7
Meriwether,Georgia,1303.7
Miller,Georgia,733.1
Mitchell,Georgia,1326.2
Monroe,Georgia,1024.8
Montgomery,Georgia,635.5
Morgan,Georgia,905.6
Murray,Georgia,892.1
Muscogee,Georgia,560.2
Newton,Georgia,716
Oconee,Georgia,481.1
Oglethorpe,Georgia,1142.6
Paulding,Georgia,812.1
Peach,Georgia,391.3
Pickens,Georgia,601.3
Pierce,Georgia,888.4
Pike,Georgia,565.8
Polk,Georgia,805.9
Pulaski,Georgia,640.8
Putnam,Georgia,892.3
Quitman,Georgia,392.5
Rabun,Georgia,961.1
Randolph,Georgia,1111.8
Richmond,Georgia,839.3
Rockdale,Georgia,338.5
Schley,Georgia,434.1
Screven,Georgia,1679.7
Seminole,Georgia,616.6
Spalding,Georgia,512.8
Stephens,Georgia,464.3
Stewart,Georgia,1188.1
Sumter,Georgia,1257
Talbot,Georgia,1018.5
Taliaferro,Georgia,506.1
Tattnall,Georgia,1252.9
Taylor,Georgia,977.7
Telfair,Georgia,1142.6
Terrell,Georgia,868.9
Thomas,Georgia,1420.5
Tift,Georgia,686.7
Toombs,Georgia,949.8
Towns,Georgia,431.3
Treutlen,Georgia,519.9
Troup,Georgia,1072.1
Turner,Georgia,741
Twiggs,Georgia,933.4
Union,Georgia,835.8
Upson,Georgia,843.1
Walker,Georgia,1155.9
Walton,Georgia,852.8
Ware,Georgia,2337.7
Warren,Georgia,739.6
Washington,Georgia,1762.4
Wayne,Georgia,1669.9
Webster,Georgia,542.7
Wheeler,Georgia,771.1
White,Georgia,625.8
Whitfield,Georgia,751.1
Wilcox,Georgia,985.2
Wilkes,Georgia,1220.9
Wilkinson,Georgia,1156.7
Worth,Georgia,1475.8
Hawaii,Hawaii,10433.1
Honolulu,Hawaii,1554.5
Kalawao,Hawaii,34.2
Kauai,Hawaii,1612.2
Maui,Hawaii,3002.5
Ada,Idaho,2732.6
Adams,Idaho,3534.5
Bannock,Idaho,2883.2
Bear,Idaho,2516
Benewah,Idaho,2009.9
Bingham,Idaho,5425.6
Blaine,Idaho,6850.3
Boise,Idaho,4927.5
Bonner,Idaho,4500.4
Bonneville,Idaho,4839.6
Boundary,Idaho,3286.2
Butte,Idaho,5783.3
Camas,Idaho,2784.3
Canyon,Idaho,1527.5
Caribou,Idaho,4574.2
Cassia,Idaho,6647.5
Clark,Idaho,4570.6
Clearwater,Idaho,6375.4
Custer,Idaho,12757.3
Elmore,Idaho,7971.4
Franklin,Idaho,1723.6
Fremont,Idaho,4835.1
Gem,Idaho,1457.1
Gooding,Idaho,1892.9
Idaho,Idaho,21976.6
Jefferson,Idaho,2836.4
Jerome,Idaho,1553.7
Kootenai,Idaho,3225.1
Latah,Idaho,2788.7
Lemhi,Idaho,11821.6
Lewis,Idaho,1240.8
Lincoln,Idaho,3122.5
Madison,Idaho,1221.3
Minidoka,Idaho,1967.6
Nez,Idaho,2199.2
Oneida,Idaho,3109.1
Owyhee,Idaho,19887
Payette,Idaho,1055.5
Power,Idaho,3640.7
Shoshone,Idaho,6822.1
Teton,Idaho,1166.5
Twin,Idaho,4986.1
Valley,Idaho,9526.5
Washington,Idaho,3772
Adams,Illinois,2218.9
Alexander,Illinois,612.3
Bond,Illinois,984.7
Boone,Illinois,728.8
Brown,Illinois,791.7
Bureau,Illinois,2249.7
Calhoun,Illinois,657.5
Carroll,Illinois,1150.6
Cass,Illinois,973.7
Champaign,Illinois,2582.7
Christian,Illinois,1836.5
Clark,Illinois,1299
Clay,Illinois,1215.4
Clinton,Illinois,1228.3
Coles,Illinois,1316.5
Cook,Illinois,2449.3
Crawford,Illinois,1148.8
Cumberland,Illinois,896.2
DeKalb,Illinois,1642.5
De,Illinois,1029.8
Douglas,Illinois,1079.7
Du,Illinois,866.2
Edgar,Illinois,1615.1
Edwards,Illinois,575.9
Effingham,Illinois,1239.9
Fayette,Illinois,1855.8
Ford,Illinois,1258.5
Franklin,Illinois,1067.3
Fulton,Illinois,2242.1
Gallatin,Illinois,838.5
Greene,Illinois,1406.7
Grundy,Illinois,1088.2
Hamilton,Illinois,1127.1
Hancock,Illinois,2058.2
Hardin,Illinois,461.9
Henderson,Illinois,981.2
Henry,Illinois,2132.2
Iroquois,Illinois,2891.8
Jackson,Illinois,1523.3
Jasper,Illinois,1280.6
Jefferson,Illinois,1479.1
Jersey,Illinois,956.3
Jo,Illinois,1557
Johnson,Illinois,896.2
Kane,Illinois,1348.6
Kankakee,Illinois,1754.7
Kendall,Illinois,830.5
Knox,Illinois,1855.3
Lake,Illinois,1159.8
La,Illinois,2939.8
Lawrence,Illinois,963.5
Lee,Illinois,1878.8
Livingston,Illinois,2703.5
Logan,Illinois,1601.1
McDonough,Illinois,1526.3
McHenry,Illinois,1564.7
McLean,Illinois,3065.6
Macon,Illinois,1503.6
Macoupin,Illinois,2236.9
Madison,Illinois,1877.9
Marion,Illinois,1482.2
Marshall,Illinois,1000
Mason,Illinois,1396
Massac,Illinois,619.1
Menard,Illinois,814
Mercer,Illinois,1453.1
Monroe,Illinois,1005.8
Montgomery,Illinois,1823
Morgan,Illinois,1473.2
Moultrie,Illinois,869.2
Ogle,Illinois,1965.5
Peoria,Illinois,1604.6
Perry,Illinois,1142.2
Piatt,Illinois,1139.7
Pike,Illinois,2150.6
Pope,Illinois,960.6
Pulaski,Illinois,520.1
Putnam,Illinois,413.9
Randolph,Illinois,1498.2
Richland,Illinois,932.8
Rock,Illinois,1105.4
St.,Illinois,1719.5
Saline,Illinois,992.8
Sangamon,Illinois,2248.8
Schuyler,Illinois,1132.8
Scott,Illinois,650
Shelby,Illinois,1964.6
Stark,Illinois,745.7
Stephenson,Illinois,1461.5
Tazewell,Illinois,1680.7
Union,Illinois,1077.9
Vermilion,Illinois,2328.7
Wabash,Illinois,578.8
Warren,Illinois,1405.3
Washington,Illinois,1457.3
Wayne,Illinois,1849.1
White,Illinois,1281.9
Whiteside,Illinois,1773.7
Will,Illinois,2168.5
Williamson,Illinois,1098.6
Winnebago,Illinois,1330.8
Woodford,Illinois,1367.6
Adams,Indiana,879
Allen,Indiana,1702.4
Bartholomew,Indiana,1053.8
Benton,Indiana,1052.4
Blackford,Indiana,427.7
Boone,Indiana,1094.9
Brown,Indiana,808.8
Carroll,Indiana,964.2
Cass,Indiana,1069.4
Clark,Indiana,971.7
Clay,Indiana,926.3
Clinton,Indiana,1049.3
Crawford,Indiana,791.8
Daviess,Indiana,1115.6
Dearborn,Indiana,790.6
Decatur,Indiana,965.1
De,Indiana,939.9
Delaware,Indiana,1018.7
Dubois,Indiana,1114
Elkhart,Indiana,1201.3
Fayette,Indiana,556.8
Floyd,Indiana,383.4
Fountain,Indiana,1024.9
Franklin,Indiana,999.8
Fulton,Indiana,954.5
Gibson,Indiana,1266.1
Grant,Indiana,1072.4
Greene,Indiana,1404.1
Hamilton,Indiana,1030.9
Hancock,Indiana,793
Harrison,Indiana,1256.8
Hendricks,Indiana,1057.8
Henry,Indiana,1017.8
Howard,Indiana,759.1
Huntington,Indiana,991
Jackson,Indiana,1319.2
Jasper,Indiana,1450.1
Jay,Indiana,993.7
Jefferson,Indiana,936
Jennings,Indiana,977.1
Johnson,Indiana,829.4
Knox,Indiana,1336.1
Kosciusko,Indiana,1392.2
Lagrange,Indiana,983.1
Lake,Indiana,1287.3
La,Indiana,1549.5
Lawrence,Indiana,1162.6
Madison,Indiana,1171.1
Marion,Indiana,1026.7
Marshall,Indiana,1150.7
Martin,Indiana,870.6
Miami,Indiana,973.2
Monroe,Indiana,1021.4
Montgomery,Indiana,1306.9
Morgan,Indiana,1052.8
Newton,Indiana,1040.9
Noble,Indiana,1064.8
Ohio,Indiana,224.6
Orange,Indiana,1034.8
Owen,Indiana,997.7
Parke,Indiana,1152.1
Perry,Indiana,987.9
Pike,Indiana,870.7
Porter,Indiana,1083.2
Posey,Indiana,1058.1
Pulaski,Indiana,1123.3
Putnam,Indiana,1244.1
Randolph,Indiana,1173
Ripley,Indiana,1156.1
Rush,Indiana,1057.6
St.,Indiana,1184.5
Scott,Indiana,493.1
Shelby,Indiana,1068.8
Spencer,Indiana,1032.7
Starke,Indiana,801.1
Steuben,Indiana,799.6
Sullivan,Indiana,1158.3
Switzerland,Indiana,572.9
Tippecanoe,Indiana,1294.6
Tipton,Indiana,674.5
Union,Indiana,418.4
Vanderburgh,Indiana,607.6
Vermillion,Indiana,665.4
Vigo,Indiana,1044.6
Wabash,Indiana,1070.2
Warren,Indiana,945.1
Warrick,Indiana,994.8
Washington,Indiana,1332.4
Wayne,Indiana,1045.3
Wells,Indiana,958.3
White,Indiana,1308.6
Whitley,Indiana,869
Adair,Iowa,1474.6
Adams,Iowa,1097
Allamakee,Iowa,1656.6
Appanoose,Iowa,1285.4
Audubon,Iowa,1147.8
Benton,Iowa,1855.6
Black,Iowa,1469.5
Boone,Iowa,1480.2
Bremer,Iowa,1134.3
Buchanan,Iowa,1479.6
Buena,Iowa,1488.8
Butler,Iowa,1503.3
Calhoun,Iowa,1476.8
Carroll,Iowa,1474.6
Cass,Iowa,1461.7
Cedar,Iowa,1501.1
Cerro,Iowa,1472.2
Cherokee,Iowa,1494.9
Chickasaw,Iowa,1307.2
Clarke,Iowa,1116.7
Clay,Iowa,1473.5
Clayton,Iowa,2017.2
Clinton,Iowa,1800.2
Crawford,Iowa,1850.3
Dallas,Iowa,1519
Davis,Iowa,1303.5
Decatur,Iowa,1378.5
Delaware,Iowa,1496.7
Des,Iowa,1077.9
Dickinson,Iowa,987
Dubuque,Iowa,1575.3
Emmet,Iowa,1025
Fayette,Iowa,1893.2
Floyd,Iowa,1296.5
Franklin,Iowa,1508.6
Fremont,Iowa,1324.3
Greene,Iowa,1472.3
Grundy,Iowa,1301.6
Guthrie,Iowa,1529.7
Hamilton,Iowa,1493.7
Hancock,Iowa,1479.3
Hardin,Iowa,1474.5
Harrison,Iowa,1804.9
Henry,Iowa,1125.3
Howard,Iowa,1226.2
Humboldt,Iowa,1125.2
Ida,Iowa,1118.2
Iowa,Iowa,1519
Jackson,Iowa,1647.6
Jasper,Iowa,1890.8
Jefferson,Iowa,1127.6
Johnson,Iowa,1591.7
Jones,Iowa,1490.2
Keokuk,Iowa,1500.2
Kossuth,Iowa,2520.3
Lee,Iowa,1340.1
Linn,Iowa,1858.4
Louisa,Iowa,1041
Lucas,Iowa,1115.2
Lyon,Iowa,1521.8
Madison,Iowa,1453.4
Mahaska,Iowa,1478.8
Marion,Iowa,1435.5
Marshall,Iowa,1482.4
Mills,Iowa,1130.7
Mitchell,Iowa,1214.6
Monona,Iowa,1795.3
Monroe,Iowa,1122.6
Montgomery,Iowa,1097.9
Muscatine,Iowa,1136.2
O'Brien,Iowa,1484.4
Osceola,Iowa,1032.9
Page,Iowa,1385.3
Palo,Iowa,1460.4
Plymouth,Iowa,2236.8
Pocahontas,Iowa,1496.4
Polk,Iowa,1475
Pottawattamie,Iowa,2471.7
Poweshiek,Iowa,1515.4
Ringgold,Iowa,1392.7
Sac,Iowa,1491.4
Scott,Iowa,1186
Shelby,Iowa,1530.5
Sioux,Iowa,1989
Story,Iowa,1483.8
Tama,Iowa,1868.3
Taylor,Iowa,1383
Union,Iowa,1099.2
Van,Iowa,1256.8
Wapello,Iowa,1118.5
Warren,Iowa,1480.7
Washington,Iowa,1473.3
Wayne,Iowa,1361.4
Webster,Iowa,1852.6
Winnebago,Iowa,1037.3
Winneshiek,Iowa,1786.2
Woodbury,Iowa,2260.2
Worth,Iowa,1036
Wright,Iowa,1504.2
Allen,Kansas,1302.9
Anderson,Kansas,1509.9
Atchison,Kansas,1119.8
Barber,Kansas,2937.5
Barton,Kansas,2315.6
Bourbon,Kansas,1650.2
Brown,Kansas,1478.1
Butler,Kansas,3698.9
Chase,Kansas,2009.7
Chautauqua,Kansas,1662.1
Cherokee,Kansas,1520.8
Cheyenne,Kansas,2641.6
Clark,Kansas,2524.6
Clay,Kansas,1667.6
Cloud,Kansas,1853.6
Coffey,Kansas,1632.4
Comanche,Kansas,2041.9
Cowley,Kansas,2917.2
Crawford,Kansas,1535.8
Decatur,Kansas,2314.4
Dickinson,Kansas,2197.5
Doniphan,Kansas,1015.8
Douglas,Kansas,1183.5
Edwards,Kansas,1611.1
Elk,Kansas,1677.9
Ellis,Kansas,2331
Ellsworth,Kansas,1854.3
Finney,Kansas,3367.4
Ford,Kansas,2845.3
Franklin,Kansas,1486.4
Geary,Kansas,995.3
Gove,Kansas,2775.1
Graham,Kansas,2326.7
Grant,Kansas,1489
Gray,Kansas,2250.6
Greeley,Kansas,2015.2
Greenwood,Kansas,2952.1
Hamilton,Kansas,2581
Harper,Kansas,2075.8
Harvey,Kansas,1397.1
Haskell,Kansas,1495.4
Hodgeman,Kansas,2227.3
Jackson,Kansas,1701.2
Jefferson,Kansas,1388.6
Jewell,Kansas,2354.9
Johnson,Kansas,1234.9
Kearny,Kansas,2253.4
Kingman,Kansas,2237
Kiowa,Kansas,1871.1
Labette,Kansas,1680.7
Lane,Kansas,1857.7
Leavenworth,Kansas,1200
Lincoln,Kansas,1862
Linn,Kansas,1550.8
Logan,Kansas,2779.2
Lyon,Kansas,2204.1
McPherson,Kansas,2330.5
Marion,Kansas,2442.8
Marshall,Kansas,2337.8
Meade,Kansas,2534.3
Miami,Kansas,1493.8
Mitchell,Kansas,1812.8
Montgomery,Kansas,1671.2
Morris,Kansas,1806.4
Morton,Kansas,1890.6
Nemaha,Kansas,1862.4
Neosho,Kansas,1481.3
Ness,Kansas,2783.8
Norton,Kansas,2273.7
Osage,Kansas,1822.3
Osborne,Kansas,2311.9
Ottawa,Kansas,1867.8
Pawnee,Kansas,1953.4
Phillips,Kansas,2295.4
Pottawatomie,Kansas,2186.7
Pratt,Kansas,1903.7
Rawlins,Kansas,2770.5
Reno,Kansas,3249.2
Republic,Kansas,1855.9
Rice,Kansas,1881.9
Riley,Kansas,1579
Rooks,Kansas,2300.9
Rush,Kansas,1860.3
Russell,Kansas,2291.5
Saline,Kansas,1863.9
Scott,Kansas,1858.5
Sedgwick,Kansas,2590.6
Seward,Kansas,1656.5
Shawnee,Kansas,1424.1
Sheridan,Kansas,2321.7
Sherman,Kansas,2734.7
Smith,Kansas,2319.2
Stafford,Kansas,2051.5
Stanton,Kansas,1761.4
Stevens,Kansas,1884.5
Sumner,Kansas,3061.1
Thomas,Kansas,2783.9
Trego,Kansas,2300.9
Wabaunsee,Kansas,2065.4
Wallace,Kansas,2367.4
Washington,Kansas,2327.1
Wichita,Kansas,1861.1
Wilson,Kansas,1486.4
Woodson,Kansas,1296.7
Wyandotte,Kansas,392.1
Adair,Kentucky,1053.8
Allen,Kentucky,896.5
Anderson,Kentucky,525
Ballard,Kentucky,650.5
Barren,Kentucky,1271.6
Bath,Kentucky,723.8
Bell,Kentucky,934.4
Boone,Kentucky,637.8
Bourbon,Kentucky,754.8
Boyd,Kentucky,414.9
Boyle,Kentucky,470.4
Bracken,Kentucky,526.4
Breathitt,Kentucky,1282.6
Breckinridge,Kentucky,1482.6
Bullitt,Kentucky,774.7
Butler,Kentucky,1108.8
Caldwell,Kentucky,898.7
Calloway,Kentucky,1000.5
Campbell,Kentucky,392.6
Carlisle,Kentucky,498.6
Carroll,Kentucky,337
Carter,Kentucky,1063.5
Casey,Kentucky,1154.2
Christian,Kentucky,1868.3
Clark,Kentucky,658.7
Clay,Kentucky,1219.9
Clinton,Kentucky,511.4
Crittenden,Kentucky,938
Cumberland,Kentucky,792.1
Daviess,Kentucky,1197.7
Edmonson,Kentucky,783.8
Elliott,Kentucky,606
Estill,Kentucky,657.9
Fayette,Kentucky,736.9
Fleming,Kentucky,909.3
Floyd,Kentucky,1021.3
Franklin,Kentucky,545.2
Fulton,Kentucky,541.2
Gallatin,Kentucky,256
Garrard,Kentucky,598.9
Grant,Kentucky,673.1
Graves,Kentucky,1439.1
Grayson,Kentucky,1304.6
Green,Kentucky,747.9
Greenup,Kentucky,896.7
Hancock,Kentucky,489
Hardin,Kentucky,1626.6
Harlan,Kentucky,1210
Harrison,Kentucky,802.2
Hart,Kentucky,1077.3
Henderson,Kentucky,1140
Henry,Kentucky,749.4
Hickman,Kentucky,633.2
Hopkins,Kentucky,1426
Jackson,Kentucky,897
Jefferson,Kentucky,997.4
Jessamine,Kentucky,448.5
Johnson,Kentucky,677.4
Kenton,Kentucky,421.1
Knott,Kentucky,912.2
Knox,Kentucky,1004.1
Larue,Kentucky,682.3
Laurel,Kentucky,1128.4
Lawrence,Kentucky,1084.8
Lee,Kentucky,543.6
Leslie,Kentucky,1046.5
Letcher,Kentucky,878.1
Lewis,Kentucky,1254.9
Lincoln,Kentucky,871.7
Livingston,Kentucky,818.7
Logan,Kentucky,1439.3
Lyon,Kentucky,558.8
McCracken,Kentucky,650.5
McCreary,Kentucky,1107.8
McLean,Kentucky,658.7
Madison,Kentucky,1141.5
Magoffin,Kentucky,801.5
Marion,Kentucky,897.9
Marshall,Kentucky,789.7
Martin,Kentucky,597.6
Mason,Kentucky,624.5
Meade,Kentucky,799.1
Menifee,Kentucky,528.1
Mercer,Kentucky,649.9
Metcalfe,Kentucky,753.5
Monroe,Kentucky,856.8
Montgomery,Kentucky,514.4
Morgan,Kentucky,987.6
Muhlenberg,Kentucky,1229.6
Nelson,Kentucky,1094.8
Nicholas,Kentucky,509.2
Ohio,Kentucky,1538
Oldham,Kentucky,490
Owen,Kentucky,912.1
Owsley,Kentucky,513.1
Pendleton,Kentucky,725.3
Perry,Kentucky,886.2
Pike,Kentucky,2040.2
Powell,Kentucky,466.6
Pulaski,Kentucky,1713.6
Robertson,Kentucky,259.2
Rockcastle,Kentucky,822.4
Rowan,Kentucky,727.4
Russell,Kentucky,656.7
Scott,Kentucky,738.6
Shelby,Kentucky,995
Simpson,Kentucky,611.8
Spencer,Kentucky,481.5
Taylor,Kentucky,698.9
Todd,Kentucky,974.8
Trigg,Kentucky,1148.3
Trimble,Kentucky,385.5
Union,Kentucky,893.8
Warren,Kentucky,1412.2
Washington,Kentucky,778.6
Wayne,Kentucky,1189.9
Webster,Kentucky,866.9
Whitley,Kentucky,1140
Wolfe,Kentucky,577.1
Woodford,Kentucky,493.9
Acadia,Louisiana,1697.3
Allen,Louisiana,1980.3
Ascension,Louisiana,755.1
Assumption,Louisiana,877.3
Avoyelles,Louisiana,2156.2
Beauregard,Louisiana,3004.8
Bienville,Louisiana,2099.7
Bossier,Louisiana,2171.6
Caddo,Louisiana,2284.7
Calcasieu,Louisiana,2774.4
Caldwell,Louisiana,1371.3
Cameron,Louisiana,3400.8
Catahoula,Louisiana,1822.6
Claiborne,Louisiana,1954.7
Concordia,Louisiana,1803.6
De,Louisiana,2272.1
East,Louisiana,1180.2
East,Louisiana,1091.6
East,Louisiana,1174.4
Evangeline,Louisiana,1720.6
Franklin,Louisiana,1614.7
Grant,Louisiana,1670.9
Iberia,Louisiana,1489.7
Iberville,Louisiana,1602.4
Jackson,Louisiana,1476.2
Jefferson,Louisiana,792.3
Jefferson,Louisiana,1689.6
Lafayette,Louisiana,699
Lafourche,Louisiana,2809.7
La,Louisiana,1615.9
Lincoln,Louisiana,1220.9
Livingston,Louisiana,1678.5
Madison,Louisiana,1616.5
Morehouse,Louisiana,2057.3
Natchitoches,Louisiana,3254.1
Orleans,Louisiana,467.9
Ouachita,Louisiana,1582.5
Plaquemines,Louisiana,2187.6
Pointe,Louisiana,1443.7
Rapides,Louisiana,3425.7
Red,Louisiana,1006.5
Richland,Louisiana,1446.5
Sabine,Louisiana,2241.2
St.,Louisiana,1204.8
St.,Louisiana,734.7
St.,Louisiana,1057.7
St.,Louisiana,637.5
St.,Louisiana,567
St.,Louisiana,2405.3
St.,Louisiana,1916.4
St.,Louisiana,1587.5
St.,Louisiana,2213
Tangipahoa,Louisiana,2046.9
Tensas,Louisiana,1560.6
Terrebonne,Louisiana,3250.6
Union,Louisiana,2273.2
Vermilion,Louisiana,3040.3
Vernon,Louisiana,3440.8
Washington,Louisiana,1734.3
Webster,Louisiana,1543.5
West,Louisiana,495.3
West,Louisiana,930.9
West,Louisiana,1051.6
Winn,Louisiana,2461.9
Androscoggin,Maine,1218.1
Aroostook,Maine,17280.3
Cumberland,Maine,2164.2
Franklin,Maine,4397.8
Hancock,Maine,4115.8
Kennebec,Maine,2246.8
Knox,Maine,946.9
Lincoln,Maine,1180
Oxford,Maine,5382.5
Penobscot,Maine,8795.7
Piscataquis,Maine,10273.3
Sagadahoc,Maine,657.9
Somerset,Maine,10170.5
Waldo,Maine,1890.2
Washington,Maine,6652.6
York,Maine,2566.7
Allegany,Maryland,1101.6
Anne,Maryland,1077.3
Baltimore,Maryland,1550.3
Calvert,Maryland,557.4
Caroline,Maryland,829.2
Carroll,Maryland,1163.3
Cecil,Maryland,901.7
Charles,Maryland,1194.2
Dorchester,Maryland,1444.1
Frederick,Maryland,1717
Garrett,Maryland,1678.7
Harford,Maryland,1140.6
Howard,Maryland,653.1
Kent,Maryland,723.8
Montgomery,Maryland,1280.9
Prince,Maryland,1259.8
Queen,Maryland,964.1
St.,Maryland,935.7
Somerset,Maryland,847.5
Talbot,Maryland,697.2
Washington,Maryland,1186.6
Wicomico,Maryland,977
Worcester,Maryland,1225.7
Baltimore,Maryland,209.3
Barnstable,Massachusetts,1025
Berkshire,Massachusetts,2412.3
Bristol,Massachusetts,1440.1
Dukes,Massachusetts,268.9
Essex,Massachusetts,1290
Franklin,Massachusetts,1818.6
Hampden,Massachusetts,1602
Hampshire,Massachusetts,1370.2
Middlesex,Massachusetts,2133
Nantucket,Massachusetts,123.8
Norfolk,Massachusetts,1035
Plymouth,Massachusetts,1710.9
Suffolk,Massachusetts,151.6
Worcester,Massachusetts,3919.1
Alcona,Michigan,1746.9
Alger,Michigan,2377.5
Allegan,Michigan,2143.3
Alpena,Michigan,1487.1
Antrim,Michigan,1235.3
Arenac,Michigan,950.2
Baraga,Michigan,2341.8
Barry,Michigan,1440.5
Bay,Michigan,1150.6
Benzie,Michigan,832.3
Berrien,Michigan,1479
Branch,Michigan,1314.2
Calhoun,Michigan,1836
Cass,Michigan,1274.9
Charlevoix,Michigan,1079.6
Cheboygan,Michigan,1853.4
Chippewa,Michigan,4043.2
Clare,Michigan,1468.2
Clinton,Michigan,1480.1
Crawford,Michigan,1445.6
Delta,Michigan,3030.8
Dickinson,Michigan,1985
Eaton,Michigan,1493.3
Emmet,Michigan,1212
Genesee,Michigan,1656.7
Gladwin,Michigan,1312.7
Gogebic,Michigan,2854
Grand,Michigan,1204.6
Gratiot,Michigan,1476.7
Hillsdale,Michigan,1551
Houghton,Michigan,2620.4
Huron,Michigan,2166.8
Ingham,Michigan,1448.4
Ionia,Michigan,1484.7
Iosco,Michigan,1422.3
Iron,Michigan,3021.2
Isabella,Michigan,1487.4
Jackson,Michigan,1830.2
Kalamazoo,Michigan,1455.3
Kalkaska,Michigan,1453.1
Kent,Michigan,2217.7
Keweenaw,Michigan,1401.7
Lake,Michigan,1470
Lapeer,Michigan,1694.7
Leelanau,Michigan,902.6
Lenawee,Michigan,1944
Livingston,Michigan,1472.2
Luce,Michigan,2338.9
Mackinac,Michigan,2646
Macomb,Michigan,1244.3
Manistee,Michigan,1408.6
Marquette,Michigan,4717.2
Mason,Michigan,1282.5
Mecosta,Michigan,1439.5
Menominee,Michigan,2703.1
Midland,Michigan,1350
Missaukee,Michigan,1468
Monroe,Michigan,1427.4
Montcalm,Michigan,1833.9
Montmorency,Michigan,1418.4
Muskegon,Michigan,1318.8
Newaygo,Michigan,2181.9
Oakland,Michigan,2260.3
Oceana,Michigan,1399.9
Ogemaw,Michigan,1461.7
Ontonagon,Michigan,3397.1
Osceola,Michigan,1466.2
Oscoda,Michigan,1463.4
Otsego,Michigan,1332.8
Ottawa,Michigan,1465.2
Presque,Michigan,1709.5
Roscommon,Michigan,1350.5
Saginaw,Michigan,2095.2
St.,Michigan,1876.3
St.,Michigan,1304.7
Sanilac,Michigan,2496.4
Schoolcraft,Michigan,3051.5
Shiawassee,Michigan,1395.6
Tuscola,Michigan,2104.6
Van,Michigan,1582.5
Washtenaw,Michigan,1839.1
Wayne,Michigan,1590.6
Wexford,Michigan,1464.8
Minnesota,Minnesota,206206.7
Aitkin,Minnesota,4712.2
Anoka,Minnesota,1098.1
Becker,Minnesota,3394.2
Beltrami,Minnesota,6488.9
Benton,Minnesota,1057.5
Big,Minnesota,1287.2
Blue,Minnesota,1948.7
Brown,Minnesota,1582.2
Carlton,Minnesota,2228.4
Carver,Minnesota,924.9
Cass,Minnesota,5225.8
Chippewa,Minnesota,1509.5
Chisago,Minnesota,1081.8
Clay,Minnesota,2707.3
Clearwater,Minnesota,2576.4
Cook,Minnesota,3757.4
Cottonwood,Minnesota,1657.6
Crow,Minnesota,2581.4
Dakota,Minnesota,1475.6
Dodge,Minnesota,1138.4
Douglas,Minnesota,1642.9
Faribault,Minnesota,1848.4
Fillmore,Minnesota,2230.7
Freeborn,Minnesota,1832.9
Goodhue,Minnesota,1964.7
Grant,Minnesota,1415.3
Hennepin,Minnesota,1441.7
Houston,Minnesota,1446.4
Hubbard,Minnesota,2389.4
Isanti,Minnesota,1137.2
Itasca,Minnesota,6903.1
Jackson,Minnesota,1818
Kanabec,Minnesota,1359.6
Kandiyohi,Minnesota,2062.2
Kittson,Minnesota,2841.5
Koochiching,Minnesota,8035.2
Lac,Minnesota,1981.1
Lake,Minnesota,5437.4
Lake,Minnesota,3358.5
Le,Minnesota,1161.7
Lincoln,Minnesota,1391
Lyon,Minnesota,1849.9
McLeod,Minnesota,1274.1
Mahnomen,Minnesota,1440.5
Marshall,Minnesota,4590.2
Martin,Minnesota,1837.3
Meeker,Minnesota,1576.2
Mille,Minnesota,1487.9
Morrison,Minnesota,2912.6
Mower,Minnesota,1842.9
Murray,Minnesota,1824.6
Nicollet,Minnesota,1171.5
Nobles,Minnesota,1853
Norman,Minnesota,2269.6
Olmsted,Minnesota,1691.4
Otter,Minnesota,5127.8
Pennington,Minnesota,1596.9
Pine,Minnesota,3654.9
Pipestone,Minnesota,1206.7
Polk,Minnesota,5103.6
Pope,Minnesota,1735.8
Ramsey,Minnesota,403.6
Red,Minnesota,1120
Redwood,Minnesota,2278.9
Renville,Minnesota,2545.9
Rice,Minnesota,1288.7
Rock,Minnesota,1250
Roseau,Minnesota,4306
St.,Minnesota,16124.5
Scott,Minnesota,924.1
Sherburne,Minnesota,1130.7
Sibley,Minnesota,1524.6
Stearns,Minnesota,3482.5
Steele,Minnesota,1112.6
Stevens,Minnesota,1455.8
Swift,Minnesota,1925.8
Todd,Minnesota,2439.9
Traverse,Minnesota,1487
Wabasha,Minnesota,1359.9
Wadena,Minnesota,1386.8
Waseca,Minnesota,1096.3
Washington,Minnesota,1014.6
Watonwan,Minnesota,1125.4
Wilkin,Minnesota,1946.3
Winona,Minnesota,1622.2
Wright,Minnesota,1711.6
Yellow,Minnesota,1963.2
Adams,Mississippi,1192.2
Alcorn,Mississippi,1035.9
Amite,Mississippi,1889.8
Attala,Mississippi,1904.1
Benton,Mississippi,1053.7
Bolivar,Mississippi,2269.7
Calhoun,Mississippi,1519.2
Carroll,Mississippi,1625.9
Chickasaw,Mississippi,1299.1
Choctaw,Mississippi,1085.5
Claiborne,Mississippi,1260.9
Clarke,Mississippi,1790.5
Clay,Mississippi,1058.1
Coahoma,Mississippi,1435.4
Copiah,Mississippi,2011.6
Covington,Mississippi,1071.8
De,Mississippi,1238.7
Forrest,Mississippi,1208.8
Franklin,Mississippi,1462.4
George,Mississippi,1238.8
Greene,Mississippi,1846.5
Grenada,Mississippi,1092.8
Hancock,Mississippi,1235.2
Harrison,Mississippi,1504.8
Hinds,Mississippi,2251.4
Holmes,Mississippi,1958.2
Humphreys,Mississippi,1082.9
Issaquena,Mississippi,1069.7
Itawamba,Mississippi,1378.9
Jackson,Mississippi,1882
Jasper,Mississippi,1751
Jefferson,Mississippi,1345.3
Jefferson,Mississippi,1057.9
Jones,Mississippi,1797.2
Kemper,Mississippi,1984.4
Lafayette,Mississippi,1634.7
Lamar,Mississippi,1288.3
Lauderdale,Mississippi,1822.2
Lawrence,Mississippi,1115.4
Leake,Mississippi,1509.3
Lee,Mississippi,1164.6
Leflore,Mississippi,1533.2
Lincoln,Mississippi,1517.1
Lowndes,Mississippi,1301
Madison,Mississippi,1862.6
Marion,Mississippi,1404.8
Marshall,Mississippi,1829.6
Monroe,Mississippi,1979.4
Montgomery,Mississippi,1053.8
Neshoba,Mississippi,1476.4
Newton,Mississippi,1497.2
Noxubee,Mississippi,1799.7
Oktibbeha,Mississippi,1185.6
Panola,Mississippi,1772.2
Pearl,Mississippi,2101.9
Perry,Mississippi,1676.3
Pike,Mississippi,1059.1
Pontotoc,Mississippi,1288.3
Prentiss,Mississippi,1074.8
Quitman,Mississippi,1048.6
Rankin,Mississippi,2006.2
Scott,Mississippi,1577.7
Sharkey,Mississippi,1107.9
Simpson,Mississippi,1524.9
Smith,Mississippi,1647
Stone,Mississippi,1153.6
Sunflower,Mississippi,1797
Tallahatchie,Mississippi,1667.9
Tate,Mississippi,1047.7
Tippah,Mississippi,1186.1
Tishomingo,Mississippi,1098.6
Tunica,Mississippi,1178
Union,Mississippi,1076.2
Walthall,Mississippi,1046
Warren,Mississippi,1519.5
Washington,Mississippi,1875.2
Wayne,Mississippi,2098.9
Webster,Mississippi,1095.2
Wilkinson,Mississippi,1752.8
Winston,Mississippi,1572.2
Yalobusha,Mississippi,1209.9
Yazoo,Mississippi,2381.7
Adair,Missouri,1470.4
Andrew,Missouri,1127.2
Atchison,Missouri,1410.9
Audrain,Missouri,1795.8
Barry,Missouri,2018
Barton,Missouri,1539.4
Bates,Missouri,2197.7
Benton,Missouri,1827.4
Bollinger,Missouri,1607.8
Boone,Missouri,1775.1
Buchanan,Missouri,1061.3
Butler,Missouri,1806.7
Caldwell,Missouri,1112.1
Callaway,Missouri,2173.3
Camden,Missouri,1697.1
Cape,Missouri,1498.7
Carroll,Missouri,1799
Carter,Missouri,1314.7
Cass,Missouri,1810.7
Cedar,Missouri,1232.8
Chariton,Missouri,1957.8
Christian,Missouri,1458.7
Clark,Missouri,1314
Clay,Missouri,1026.8
Clinton,Missouri,1084.7
Cole,Missouri,1014.1
Cooper,Missouri,1463.5
Crawford,Missouri,1923.3
Dade,Missouri,1270.1
Dallas,Missouri,1402.7
Daviess,Missouri,1468.5
DeKalb,Missouri,1098.7
Dent,Missouri,1951.8
Douglas,Missouri,2109.8
Dunklin,Missouri,1413.2
Franklin,Missouri,2388.2
Gasconade,Missouri,1345.5
Gentry,Missouri,1273.1
Greene,Missouri,1748.3
Grundy,Missouri,1128.9
Harrison,Missouri,1878.2
Henry,Missouri,1819.5
Hickory,Missouri,1032.5
Holt,Missouri,1196.3
Howard,Missouri,1206.3
Howell,Missouri,2403.1
Iron,Missouri,1428.2
Jackson,Missouri,1566.5
Jasper,Missouri,1657.1
Jefferson,Missouri,1701.2
Johnson,Missouri,2151.3
Knox,Missouri,1309.8
Laclede,Missouri,1983.6
Lafayette,Missouri,1630.1
Lawrence,Missouri,1588
Lewis,Missouri,1308.1
Lincoln,Missouri,1633
Linn,Missouri,1606.8
Livingston,Missouri,1384.7
Macon,Missouri,2081.9
Madison,Missouri,1286.6
Maries,Missouri,1367
Marion,Missouri,1134.7
McDonald,Missouri,1397.4
Mercer,Missouri,1177
Miller,Missouri,1534
Mississippi,Missouri,1070.1
Moniteau,Missouri,1078.8
Monroe,Missouri,1673.2
Montgomery,Missouri,1395.3
Morgan,Missouri,1547.5
New,Missouri,1756.2
Newton,Missouri,1622.6
Nodaway,Missouri,2270.6
Oregon,Missouri,2049.9
Osage,Missouri,1569.9
Ozark,Missouri,1934.3
Pemiscot,Missouri,1277.2
Perry,Missouri,1229.5
Pettis,Missouri,1774.2
Phelps,Missouri,1742.8
Pike,Missouri,1742.9
Platte,Missouri,1088.8
Polk,Missouri,1650.5
Pulaski,Missouri,1416.9
Putnam,Missouri,1341.5
Ralls,Missouri,1220
Randolph,Missouri,1249.5
Ray,Missouri,1475
Reynolds,Missouri,2101.1
Ripley,Missouri,1630.4
Saline,Missouri,1957
Schuyler,Missouri,797.5
Scotland,Missouri,1135.7
Scott,Missouri,1090.5
Shannon,Missouri,2600.1
Shelby,Missouri,1297.4
St.,Missouri,1454.1
St.,Missouri,1752.7
St.,Missouri,1164.2
St.,Missouri,1315.1
St.,Missouri,160.4
Ste.,Missouri,1301.3
Stoddard,Missouri,2142.4
Stone,Missouri,1199.9
Sullivan,Missouri,1686.1
Taney,Missouri,1638
Texas,Missouri,3052.7
Vernon,Missouri,2160.1
Warren,Missouri,1118.1
Washington,Missouri,1968
Wayne,Missouri,1971.2
Webster,Missouri,1536.9
Worth,Missouri,690.3
Wright,Missouri,1767.3
Beaverhead,Montana,14355.4
Big,Montana,12936.7
Blaine,Montana,10946
Broadwater,Montana,3085.9
Carbon,Montana,5304.5
Carter,Montana,8649.8
Cascade,Montana,6987.9
Chouteau,Montana,10291.2
Custer,Montana,9798.7
Daniels,Montana,3693.7
Dawson,Montana,6146.8
Deer,Montana,1908.7
Fallon,Montana,4196.8
Fergus,Montana,11238.8
Flathead,Montana,13205.4
Gallatin,Montana,6492.8
Garfield,Montana,12090.6
Glacier,Montana,7756.4
Golden,Montana,3044.1
Granite,Montana,4474.3
Hill,Montana,7501.6
Jefferson,Montana,4290.9
Judith,Montana,4843
Lake,Montana,3869
Lewis,Montana,8964.1
Liberty,Montana,3703.2
Lincoln,Montana,9357.1
McCone,Montana,6844.3
Madison,Montana,9289.4
Meagher,Montana,6194.9
Mineral,Montana,3159.5
Missoula,Montana,6729.4
Musselshell,Montana,4836
Park,Montana,6879.5
Petroleum,Montana,4283.7
Phillips,Montana,13312.3
Pondera,Montana,4207.9
Powder,Montana,8539.9
Powell,Montana,6024.3
Prairie,Montana,4497.8
Ravalli,Montana,6201.2
Richland,Montana,5398
Roosevelt,Montana,6101.1
Rosebud,Montana,12982.1
Sanders,Montana,7154.3
Sheridan,Montana,4342.5
Silver,Montana,1860.5
Stillwater,Montana,4648.4
Sweet,Montana,4804.9
Teton,Montana,5886
Toole,Montana,4949.3
Treasure,Montana,2535.4
Valley,Montana,12745.2
Wheatland,Montana,3686
Wibaux,Montana,2303.4
Yellowstone,Montana,6825.2
Adams,Nebraska,1459.3
Antelope,Nebraska,2220
Arthur,Nebraska,1852.9
Banner,Nebraska,1932.9
Blaine,Nebraska,1840.9
Boone,Nebraska,1778.7
Box,Nebraska,2785.2
Boyd,Nebraska,1398.8
Brown,Nebraska,3163.3
Buffalo,Nebraska,2507.3
Burt,Nebraska,1276.3
Butler,Nebraska,1511.6
Cass,Nebraska,1448.6
Cedar,Nebraska,1917.3
Chase,Nebraska,2316.8
Cherry,Nebraska,15438.3
Cheyenne,Nebraska,3098.8
Clay,Nebraska,1484.2
Colfax,Nebraska,1070.1
Cuming,Nebraska,1481.6
Custer,Nebraska,6671.4
Dakota,Nebraska,
Dawes,Nebraska,3616.4
Dawson,Nebraska,2623.5
Deuel,Nebraska,1139.4
Dixon,Nebraska,1233.9
Dodge,Nebraska,1384.3
Douglas,Nebraska,
Dundy,Nebraska,2382.6
Fillmore,Nebraska,1493.1
Franklin,Nebraska,1491.7
Frontier,Nebraska,2524.2
Furnas,Nebraska,1859.9
Gage,Nebraska,2215.3
Garden,Nebraska,4414.8
Garfield,Nebraska,1476.4
Gosper,Nebraska,1186.7
Grant,Nebraska,2010.5
Greeley,Nebraska,1476
Hall,Nebraska,1415.3
Hamilton,Nebraska,1408.1
Harlan,Nebraska,1431.7
Hayes,Nebraska,1847.1
Hitchcock,Nebraska,1839.1
Holt,Nebraska,6249.2
Hooker,Nebraska,1867.9
Howard,Nebraska,1475
Jefferson,Nebraska,1484.2
Johnson,Nebraska,974.3
Kearney,Nebraska,1336.6
Keith,Nebraska,2748.9
Keya,Nebraska,2002.9
Kimball,Nebraska,2465.1
Knox,Nebraska,2870.3
Lancaster,Nebraska,2172.7
Lincoln,Nebraska,6641.2
Logan,Nebraska,1478.1
Loup,Nebraska,1475.6
McPherson,Nebraska,2224.9
Madison,Nebraska,1483.1
Merrick,Nebraska,1255.2
Morrill,Nebraska,3687.8
Nance,Nebraska,1143.1
Nemaha,Nebraska,1060.1
Nuckolls,Nebraska,1490.1
Otoe,Nebraska,1595.1
Pawnee,Nebraska,1118.1
Perkins,Nebraska,2287.4
Phelps,Nebraska,1398.6
Pierce,Nebraska,1486.6
Platte,Nebraska,1756.2
Polk,Nebraska,1137.3
Red,Nebraska,1856.2
Richardson,Nebraska,1433.5
Rock,Nebraska,2612
Saline,Nebraska,1490.2
Sarpy,Nebraska,623.3
Saunders,Nebraska,1953
Scotts,Nebraska,1914.9
Seward,Nebraska,1488.7
Sheridan,Nebraska,6322.7
Sherman,Nebraska,1465.6
Sioux,Nebraska,5352.7
Stanton,Nebraska,1113.3
Thayer,Nebraska,1488.2
Thomas,Nebraska,1846.4
Thurston,Nebraska,1020
Valley,Nebraska,1471.5
Washington,Nebraska,1011.3
Wayne,Nebraska,1148.6
Webster,Nebraska,1489
Wheeler,Nebraska,1489.8
York,Nebraska,1491
Churchill,Nevada,12767
Clark,Nevada,20488.7
Douglas,Nevada,1838.6
Elko,Nevada,44500.2
Esmeralda,Nevada,9294.7
Eureka,Nevada,10815.8
Humboldt,Nevada,24989.2
Lander,Nevada,14228.3
Lincoln,Nevada,27543.8
Lyon,Nevada,5163.9
Mineral,Nevada,9729.6
Nye,Nevada,47001.4
Pershing,Nevada,15563.6
Storey,Nevada,682.4
Washoe,Nevada,16427
White,Nevada,22990.3
Carson,Nevada,371.8
Belknap,Nevada,1039.4
Carroll,Nevada,2418.8
Cheshire,Nevada,1832.4
Coos,Nevada,4663.7
Grafton,Nevada,4438
Hillsborough,Nevada,2270.1
Merrimack,Nevada,2420.4
Rockingham,Nevada,1800.7
Strafford,Nevada,955.3
Sullivan,Nevada,1392
Atlantic,Nevada,1453.4
Bergen,Nevada,606.6
Burlington,Nevada,2084.4
Camden,Nevada,575.8
Cape,Nevada,661
Cumberland,Nevada,1267.3
Essex,Nevada,327.1
Gloucester,Nevada,841.4
Hudson,Nevada,120.8
Hunterdon,Nevada,1113.9
Mercer,Nevada,585.2
Middlesex,Nevada,804.5
Monmouth,Nevada,1222.1
Morris,Nevada,1214.9
Ocean,Nevada,1648.1
Passaic,Nevada,479.3
Salem,Nevada,875
Somerset,Nevada,789.2
Sussex,Nevada,1350
Union,Nevada,267.5
Warren,Nevada,927
Bernalillo,Nevada,3020.4
Catron,Nevada,17944.2
Chaves,Nevada,15724.9
Cibola,Nevada,11757.5
Colfax,Nevada,9730.4
Curry,Nevada,3641.7
DeBaca,Nevada,6021.9
Dona,Nevada,9861.3
Eddy,Nevada,10832
Grant,Nevada,10272.4
Guadalupe,Nevada,7849.2
Harding,Nevada,5505
Hidalgo,Nevada,8924.9
Lea,Nevada,11378.6
Lincoln,Nevada,12513.4
Los,Nevada,283.2
Luna,Nevada,7680.2
McKinley,Nevada,14113.2
Mora,Nevada,5001.9
Otero,Nevada,17163.8
Quay,Nevada,7446.6
Rio,Nevada,15172.4
Roosevelt,Nevada,6342.1
Sandoval,Nevada,9608
San,Nevada,14282.3
San,Nevada,12218.1
Santa,Nevada,4945.2
Sierra,Nevada,10827.5
Socorro,Nevada,17215.9
Taos,Nevada,5706.6
Torrance,Nevada,8663.8
Union,Nevada,9920.3
Valencia,Nevada,2765.2
Albany,Nevada,1356.6
Allegany,Nevada,2668.4
Bronx,Nevada,108.9
Broome,Nevada,1830.8
Cattaraugus,Nevada,3392.7
Cayuga,Nevada,1795.6
Chautauqua,Nevada,2751
Chemung,Nevada,1057.2
Chenango,Nevada,2316.5
Clinton,Nevada,2692.1
Columbia,Nevada,1646.7
Cortland,Nevada,1294.2
Delaware,Nevada,3746.3
Dutchess,Nevada,2076.3
Erie,Nevada,2705.7
Essex,Nevada,4654.1
Franklin,Nevada,4225.9
Fulton,Nevada,1285.1
Genesee,Nevada,1279.8
Greene,Nevada,1677.9
Hamilton,Nevada,4456.6
Herkimer,Nevada,3656.7
Jefferson,Nevada,3295.3
Kings,Nevada,182.7
Lewis,Nevada,3303.7
Livingston,Nevada,1637.3
Madison,Nevada,1698.7
Monroe,Nevada,1707.6
Montgomery,Nevada,1048.5
Nassau,Nevada,742.7
New,Nevada,73.5
Niagara,Nevada,1354.5
Oneida,Nevada,3141
Onondaga,Nevada,2021
Ontario,Nevada,1669
Orange,Nevada,2114.4
Orleans,Nevada,1013.8
Oswego,Nevada,2469.1
Otsego,Nevada,2597.6
Putnam,Nevada,599.7
Queens,Nevada,283.3
Rensselaer,Nevada,1693.9
Richmond,Nevada,151.8
Rockland,Nevada,451.2
St.,Nevada,6956
Saratoga,Nevada,2102.8
Schenectady,Nevada,533.9
Schoharie,Nevada,1610.6
Schuyler,Nevada,851.4
Seneca,Nevada,841.6
Steuben,Nevada,3607.2
Suffolk,Nevada,2360.1
Sullivan,Nevada,2511.8
Tioga,Nevada,1343.5
Tompkins,Nevada,1233
Ulster,Nevada,2917.8
Warren,Nevada,2252.6
Washington,Nevada,2164
Wayne,Nevada,1565
Westchester,Nevada,1121.2
Wyoming,Nevada,1535.8
Yates,Nevada,876.1
Alamance,Nevada,1115.5
Alexander,Nevada,674.2
Alleghany,Nevada,607.8
Anson,Nevada,1376.9
Ashe,Nevada,1103.8
Avery,Nevada,639.8
Beaufort,Nevada,2143.5
Bertie,Nevada,1811
Bladen,Nevada,2266.3
Brunswick,Nevada,2214.2
Buncombe,Nevada,1699.8
Burke,Nevada,1312.5
Cabarrus,Nevada,943.9
Caldwell,Nevada,1221.6
Camden,Nevada,623.4
Carteret,Nevada,1376.3
Caswell,Nevada,1102.6
Catawba,Nevada,1036
Chatham,Nevada,1769.2
Cherokee,Nevada,1179
Chowan,Nevada,447.1
Clay,Nevada,556.1
Cleveland,Nevada,1202.6
Columbus,Nevada,2426.4
Craven,Nevada,1801.5
Cumberland,Nevada,1691.6
Currituck,Nevada,677.8
Dare,Nevada,988.5
Davidson,Nevada,1430.3
Davie,Nevada,686.9
Duplin,Nevada,2118.2
Durham,Nevada,752.7
Edgecombe,Nevada,1308.1
Forsyth,Nevada,1061
Franklin,Nevada,1273.2
Gaston,Nevada,923.4
Gates,Nevada,882.2
Graham,Nevada,756.5
Granville,Nevada,1375.7
Greene,Nevada,687.5
Guilford,Nevada,1683.8
Halifax,Nevada,1878.9
Harnett,Nevada,1541.2
Haywood,Nevada,1434.5
Henderson,Nevada,968.3
Hertford,Nevada,916
Hoke,Nevada,1013.3
Hyde,Nevada,1587.2
Iredell,Nevada,1487.7
Jackson,Nevada,1270.6
Johnston,Nevada,2051.2
Jones,Nevada,1225.9
Lee,Nevada,666.4
Lenoir,Nevada,1035.7
Lincoln,Nevada,773.9
McDowell,Nevada,1144
Macon,Nevada,1337.6
Madison,Nevada,1164.1
Martin,Nevada,1198.1
Mecklenburg,Nevada,1366
Mitchell,Nevada,573.6
Montgomery,Nevada,1271.8
Moore,Nevada,1809.8
Nash,Nevada,1399.4
New,Nevada,515.3
Northampton,Nevada,1388.6
Onslow,Nevada,1986.2
Orange,Nevada,1035.5
Pamlico,Nevada,872.7
Pasquotank,Nevada,587.7
Pender,Nevada,2255.2
Perquimans,Nevada,640.2
Person,Nevada,1016.2
Pitt,Nevada,1687.7
Polk,Nevada,616
Randolph,Nevada,2039.5
Richmond,Nevada,1227.8
Robeson,Nevada,2457.7
Rockingham,Nevada,1467.2
Rowan,Nevada,1324.5
Rutherford,Nevada,1461.3
Sampson,Nevada,2448.9
Scotland,Nevada,826.6
Stanly,Nevada,1023.3
Stokes,Nevada,1170.3
Surry,Nevada,1389.7
Swain,Nevada,1367.9
Transylvania,Nevada,979.9
Tyrrell,Nevada,1009.9
Union,Nevada,1650.9
Vance,Nevada,656.7
Wake,Nevada,2159.8
Warren,Nevada,1110.5
Washington,Nevada,900.9
Watauga,Nevada,809.5
Wayne,Nevada,1431.2
Wilkes,Nevada,1961.2
Wilson,Nevada,961.1
Yadkin,Nevada,869.2
Yancey,Nevada,809.2
Adams,Nevada,2558.8
Barnes,Nevada,3863.7
Benson,Nevada,3596.4
Billings,Nevada,2982.4
Bottineau,Nevada,4321.9
Bowman,Nevada,3009.8
Burke,Nevada,2858.3
Burleigh,Nevada,4229.9
Cass,Nevada,4573.3
Cavalier,Nevada,3856.7
Dickey,Nevada,2929.5
Divide,Nevada,3261.9
Dunn,Nevada,5205.9
Eddy,Nevada,1637.1
Emmons,Nevada,3910.9
Foster,Nevada,1645.3
Golden,Nevada,2595.2
Grand,Nevada,3724.1
Grant,Nevada,4298.3
Griggs,Nevada,1835.1
Hettinger,Nevada,2932.7
Kidder,Nevada,3500.8
LaMoure,Nevada,2971.3
Logan,Nevada,2571.1
McHenry,Nevada,4854.2
McIntosh,Nevada,2526
McKenzie,Nevada,7102.2
McLean,Nevada,5466
Mercer,Nevada,2707.7
Morton,Nevada,4989.4
Mountrail,Nevada,4724.2
Nelson,Nevada,2542.6
Oliver,Nevada,1874
Pembina,Nevada,2897.7
Pierce,Nevada,2636.4
Ramsey,Nevada,3072.3
Ransom,Nevada,2234.6
Renville,Nevada,2265.7
Richland,Nevada,3721.6
Rolette,Nevada,2337.6
Sargent,Nevada,2224.3
Sheridan,Nevada,2517
Sioux,Nevada,2834
Slope,Nevada,3154.5
Stark,Nevada,3466.1
Steele,Nevada,1845.1
Stutsman,Nevada,5753.7
Towner,Nevada,2655.7
Traill,Nevada,2232.4
Walsh,Nevada,3320.4
Ward,Nevada,5213.6
Wells,Nevada,3292.8
Williams,Nevada,5362.7
Adams,Ohio,1512.4
Allen,Ohio,1047.6
Ashland,Ohio,1099.2
Ashtabula,Ohio,1820
Athens,Ohio,1312.6
Auglaize,Ohio,1039.3
Belmont,Ohio,1391.6
Brown,Ohio,1273.8
Butler,Ohio,1210.3
Carroll,Ohio,1022.2
Champaign,Ohio,1110.1
Clark,Ohio,1036.1
Clermont,Ohio,1170.8
Clinton,Ohio,1064.2
Columbiana,Ohio,1379.3
Coshocton,Ohio,1461.1
Crawford,Ohio,1042
Cuyahoga,Ohio,1186.9
Darke,Ohio,1553.8
Defiance,Ohio,1065.1
Delaware,Ohio,1146.2
Erie,Ohio,659.2
Fairfield,Ohio,1309.9
Fayette,Ohio,1053.1
Franklin,Ohio,1398.5
Fulton,Ohio,1053.7
Gallia,Ohio,1214.2
Geauga,Ohio,1046.7
Greene,Ohio,1074.6
Guernsey,Ohio,1352.1
Hamilton,Ohio,1055.1
Hancock,Ohio,1376.3
Hardin,Ohio,1218.1
Harrison,Ohio,1045.2
Henry,Ohio,1078.8
Highland,Ohio,1433.1
Hocking,Ohio,1095
Holmes,Ohio,1095.6
Huron,Ohio,1277.1
Jackson,Ohio,1088.6
Jefferson,Ohio,1061
Knox,Ohio,1365.3
Lake,Ohio,591.1
Lawrence,Ohio,1179.6
Licking,Ohio,1778.1
Logan,Ohio,1187.5
Lorain,Ohio,1275.8
Lucas,Ohio,881.6
Madison,Ohio,1205
Mahoning,Ohio,1075.5
Marion,Ohio,1046
Medina,Ohio,1091.8
Meigs,Ohio,1112.3
Mercer,Ohio,1199.9
Miami,Ohio,1054.2
Monroe,Ohio,1179.9
Montgomery,Ohio,1195.8
Morgan,Ohio,1081.8
Morrow,Ohio,1050.4
Muskingum,Ohio,1721.4
Noble,Ohio,1033.5
Ottawa,Ohio,660.7
Paulding,Ohio,1078.2
Perry,Ohio,1062
Pickaway,Ohio,1300.6
Pike,Ohio,1143.5
Portage,Ohio,1275.4
Preble,Ohio,1100.3
Putnam,Ohio,1253.3
Richland,Ohio,1287.3
Ross,Ohio,1783.1
Sandusky,Ohio,1059.8
Scioto,Ohio,1585.9
Seneca,Ohio,1426.1
Shelby,Ohio,1060.1
Stark,Ohio,1492.3
Summit,Ohio,1069.2
Trumbull,Ohio,1595
Tuscarawas,Ohio,1470.1
Union,Ohio,1131
Van,Ohio,1062.2
Vinton,Ohio,1072.5
Warren,Ohio,1035.7
Washington,Ohio,1645.3
Wayne,Ohio,1438.5
Williams,Ohio,1092.4
Wood,Ohio,1599
Wyandot,Ohio,1050.6
Adair,Oklahoma,1491.1
Alfalfa,Oklahoma,2244.8
Atoka,Oklahoma,2533.9
Beaver,Oklahoma,4699.5
Beckham,Oklahoma,2335.9
Blaine,Oklahoma,2405
Bryan,Oklahoma,2353.9
Caddo,Oklahoma,3311.1
Canadian,Oklahoma,2330.7
Carter,Oklahoma,2133.8
Cherokee,Oklahoma,1945.3
Choctaw,Oklahoma,2004.6
Cimarron,Oklahoma,4753
Cleveland,Oklahoma,1388.7
Coal,Oklahoma,1342.3
Comanche,Oklahoma,2769.8
Cotton,Oklahoma,1649
Craig,Oklahoma,1971.2
Creek,Oklahoma,2475
Custer,Oklahoma,2555.2
Delaware,Oklahoma,1918.5
Dewey,Oklahoma,2590.5
Ellis,Oklahoma,3183.7
Garfield,Oklahoma,2741.5
Garvin,Oklahoma,2095.7
Grady,Oklahoma,2851.7
Grant,Oklahoma,2591.6
Greer,Oklahoma,1656.1
Harmon,Oklahoma,1393.1
Harper,Oklahoma,2691.2
Haskell,Oklahoma,1494.6
Hughes,Oklahoma,2089.6
Jackson,Oklahoma,2079.1
Jefferson,Oklahoma,1965.5
Johnston,Oklahoma,1669.4
Kay,Oklahoma,2379.7
Kingfisher,Oklahoma,2338.9
Kiowa,Oklahoma,2628
Latimer,Oklahoma,1870.5
Le,Oklahoma,4107.8
Lincoln,Oklahoma,2482.9
Logan,Oklahoma,1928.6
Love,Oklahoma,1335
McClain,Oklahoma,1475.5
McCurtain,Oklahoma,4797.7
McIntosh,Oklahoma,1605.9
Major,Oklahoma,2478.1
Marshall,Oklahoma,961.2
Mayes,Oklahoma,1699.5
Murray,Oklahoma,1083.5
Muskogee,Oklahoma,2107.9
Noble,Oklahoma,1895.8
Nowata,Oklahoma,1463.3
Okfuskee,Oklahoma,1618.2
Oklahoma,Oklahoma,1836.7
Okmulgee,Oklahoma,1805.3
Osage,Oklahoma,5830
Ottawa,Oklahoma,1220.8
Pawnee,Oklahoma,1475
Payne,Oklahoma,1777.8
Pittsburg,Oklahoma,3382.5
Pontotoc,Oklahoma,1864
Pottawatomie,Oklahoma,2040.6
Pushmataha,Oklahoma,3619.2
Roger,Oklahoma,2957.6
Rogers,Oklahoma,1748.2
Seminole,Oklahoma,1638.2
Sequoyah,Oklahoma,1745.3
Stephens,Oklahoma,2271.8
Texas,Oklahoma,5276.6
Tillman,Oklahoma,2259.5
Tulsa,Oklahoma,1477.2
Wagoner,Oklahoma,1458.3
Washington,Oklahoma,1079.7
Washita,Oklahoma,2599
Woods,Oklahoma,3332.4
Woodward,Oklahoma,3217.8
Baker,Oregon,7946.9
Benton,Oregon,1752.1
Clackamas,Oregon,4838.9
Clatsop,Oregon,2142.7
Columbia,Oregon,1701
Coos,Oregon,4145.4
Crook,Oregon,7717
Curry,Oregon,4215
Deschutes,Oregon,7817.4
Douglas,Oregon,13045.4
Gilliam,Oregon,3118.7
Grant,Oregon,11729.6
Harney,Oregon,26249.4
Hood,Oregon,1353
Jackson,Oregon,7214.1
Jefferson,Oregon,4612.5
Josephine,Oregon,4246.4
Klamath,Oregon,15396.5
Lake,Oregon,21073.1
Lane,Oregon,11795.3
Lincoln,Oregon,2537.3
Linn,Oregon,5934.8
Malheur,Oregon,25609.3
Marion,Oregon,3069.1
Morrow,Oregon,5265.1
Multnomah,Oregon,1127.3
Polk,Oregon,1919.4
Sherman,Oregon,2132.3
Tillamook,Oregon,2854.7
Umatilla,Oregon,8327.7
Union,Oregon,5275
Wallowa,Oregon,8146.6
Wasco,Oregon,6167.3
Washington,Oregon,1874.6
Wheeler,Oregon,4441.9
Yamhill,Oregon,1853.4
Adams,Pennsylvania,1346.9
Allegheny,Pennsylvania,1891.3
Armstrong,Pennsylvania,1693.8
Beaver,Pennsylvania,1127.3
Bedford,Pennsylvania,2627.8
Berks,Pennsylvania,2225.4
Blair,Pennsylvania,1361.9
Bradford,Pennsylvania,2980.4
Bucks,Pennsylvania,1573.8
Butler,Pennsylvania,2042.4
Cambria,Pennsylvania,1782.1
Cameron,Pennsylvania,1028.7
Carbon,Pennsylvania,990.8
Centre,Pennsylvania,2868.7
Chester,Pennsylvania,1958.1
Clarion,Pennsylvania,1560.4
Clearfield,Pennsylvania,2971.7
Clinton,Pennsylvania,2307.4
Columbia,Pennsylvania,1257.6
Crawford,Pennsylvania,2623.4
Cumberland,Pennsylvania,1425
Dauphin,Pennsylvania,1360.6
Delaware,Pennsylvania,477.1
Elk,Pennsylvania,2146.3
Erie,Pennsylvania,2077.2
Fayette,Pennsylvania,2046.4
Forest,Pennsylvania,1108.9
Franklin,Pennsylvania,1999.4
Fulton,Pennsylvania,1133.4
Greene,Pennsylvania,1491.6
Huntingdon,Pennsylvania,2267.2
Indiana,Pennsylvania,2148.5
Jefferson,Pennsylvania,1697.8
Juniata,Pennsylvania,1014.3
Lackawanna,Pennsylvania,1188.3
Lancaster,Pennsylvania,2458.2
Lawrence,Pennsylvania,933.7
Lebanon,Pennsylvania,937.1
Lehigh,Pennsylvania,897.9
Luzerne,Pennsylvania,2307.6
Lycoming,Pennsylvania,3198.5
Mc,Pennsylvania,2542.4
Mercer,Pennsylvania,1740.1
Mifflin,Pennsylvania,1063.7
Monroe,Pennsylvania,1573
Montgomery,Pennsylvania,1251.3
Montour,Pennsylvania,338.7
Northampton,Pennsylvania,968.3
Northumberland,Pennsylvania,1191.2
Perry,Pennsylvania,1433.7
Philadelphia,Pennsylvania,350
Pike,Pennsylvania,1416.9
Potter,Pennsylvania,2800.4
Schuylkill,Pennsylvania,2016.6
Snyder,Pennsylvania,857.9
Somerset,Pennsylvania,2783.6
Sullivan,Pennsylvania,1165.4
Susquehanna,Pennsylvania,2131.6
Tioga,Pennsylvania,2936.5
Union,Pennsylvania,820.4
Venango,Pennsylvania,1748.5
Warren,Pennsylvania,2288.2
Washington,Pennsylvania,2220
Wayne,Pennsylvania,1889
Westmoreland,Pennsylvania,2648.5
Wyoming,Pennsylvania,1028.8
York,Pennsylvania,2343
Bristol,Pennsylvania,63.9
Kent,Pennsylvania,440.5
Newport,Pennsylvania,269.5
Providence,Pennsylvania,1070.4
Washington,Pennsylvania,862.2
Abbeville,Pennsylvania,1315.8
Aiken,Pennsylvania,2779.3
Allendale,Pennsylvania,1057.3
Anderson,Pennsylvania,1859.7
Bamberg,Pennsylvania,1018.6
Barnwell,Pennsylvania,1420.6
Beaufort,Pennsylvania,1520.4
Berkeley,Pennsylvania,2847.8
Calhoun,Pennsylvania,985
Charleston,Pennsylvania,2376.1
Cherokee,Pennsylvania,1017.1
Chester,Pennsylvania,1503.7
Chesterfield,Pennsylvania,2068.8
Clarendon,Pennsylvania,1572.8
Colleton,Pennsylvania,2736.3
Darlington,Pennsylvania,1455.7
Dillon,Pennsylvania,1048.7
Dorchester,Pennsylvania,1488.7
Edgefield,Pennsylvania,1300
Fairfield,Pennsylvania,1778.2
Florence,Pennsylvania,2070
Georgetown,Pennsylvania,2110.5
Greenville,Pennsylvania,2051.5
Greenwood,Pennsylvania,1179.8
Hampton,Pennsylvania,1450.2
Horry,Pennsylvania,2936.3
Jasper,Pennsylvania,1694.7
Kershaw,Pennsylvania,1881.1
Lancaster,Pennsylvania,1422
Laurens,Pennsylvania,1847.1
Lee,Pennsylvania,1062.8
Lexington,Pennsylvania,1815.1
McCormick,Pennsylvania,931.3
Marion,Pennsylvania,1266.8
Marlboro,Pennsylvania,1242.5
Newberry,Pennsylvania,1633.8
Oconee,Pennsylvania,1619
Orangeburg,Pennsylvania,2864.5
Pickens,Pennsylvania,1287
Richland,Pennsylvania,1959.4
Saluda,Pennsylvania,1169.1
Spartanburg,Pennsylvania,2100.5
Sumter,Pennsylvania,1723.5
Union,Pennsylvania,1331.8
Williamsburg,Pennsylvania,2419.1
York,Pennsylvania,1767.8
Aurora,Pennsylvania,1834.3
Beadle,Pennsylvania,3261.9
Bennett,Pennsylvania,3070.2
Bon,Pennsylvania,1459.3
Brookings,Pennsylvania,2057.8
Brown,Pennsylvania,4436.2
Brule,Pennsylvania,2121.3
Buffalo,Pennsylvania,1218.9
Butte,Pennsylvania,5823.8
Campbell,Pennsylvania,1905.8
Charles,Pennsylvania,2844.5
Clark,Pennsylvania,2481.2
Clay,Pennsylvania,1066.1
Codington,Pennsylvania,1781.3
Corson,Pennsylvania,6405.2
Custer,Pennsylvania,4034.6
Davison,Pennsylvania,1127.8
Day,Pennsylvania,2664.2
Deuel,Pennsylvania,1615.1
Dewey,Pennsylvania,5964.3
Douglas,Pennsylvania,1123.1
Edmunds,Pennsylvania,2967.2
Fall,Pennsylvania,4506.4
Faulk,Pennsylvania,2590.6
Grant,Pennsylvania,1767.7
Gregory,Pennsylvania,2631.4
Haakon,Pennsylvania,4696
Hamlin,Pennsylvania,1324
Hand,Pennsylvania,3721.1
Hanson,Pennsylvania,1125.9
Harding,Pennsylvania,6916.8
Hughes,Pennsylvania,1919.1
Hutchinson,Pennsylvania,2105.8
Hyde,Pennsylvania,2230.2
Jackson,Pennsylvania,4841.5
Jerauld,Pennsylvania,1373.4
Jones,Pennsylvania,2514
Kingsbury,Pennsylvania,2171.5
Lake,Pennsylvania,1458.9
Lawrence,Pennsylvania,2072.2
Lincoln,Pennsylvania,1497.4
Lyman,Pennsylvania,4247.8
McCook,Pennsylvania,1488.1
McPherson,Pennsylvania,2944.9
Marshall,Pennsylvania,2172.7
Meade,Pennsylvania,8989.5
Mellette,Pennsylvania,3384.1
Miner,Pennsylvania,1477.3
Minnehaha,Pennsylvania,2095.8
Moody,Pennsylvania,1346
Pennington,Pennsylvania,7190.8
Perkins,Pennsylvania,7437.9
Potter,Pennsylvania,2244.3
Roberts,Pennsylvania,2852.5
Sanborn,Pennsylvania,1473.8
Shannon,Pennsylvania,5423.3
Spink,Pennsylvania,3895.3
Stanley,Pennsylvania,3738.3
Sully,Pennsylvania,2608
Todd,Pennsylvania,3595.5
Tripp,Pennsylvania,4179.3
Turner,Pennsylvania,1597.7
Union,Pennsylvania,1192.4
Walworth,Pennsylvania,1833.3
Yankton,Pennsylvania,1351
Ziebach,Pennsylvania,5082.9
Anderson,Tennessee,874.2
Bedford,Tennessee,1226.9
Benton,Tennessee,1022.6
Bledsoe,Tennessee,1052.4
Blount,Tennessee,1446.7
Bradley,Tennessee,851.5
Campbell,Tennessee,1243.4
Cannon,Tennessee,688.1
Carroll,Tennessee,1551.6
Carter,Tennessee,883.4
Cheatham,Tennessee,784
Chester,Tennessee,747.3
Claiborne,Tennessee,1124.8
Clay,Tennessee,611.5
Cocke,Tennessee,1125.2
Coffee,Tennessee,1110.9
Crockett,Tennessee,687.1
Cumberland,Tennessee,1765.4
Davidson,Tennessee,1300.9
Decatur,Tennessee,864.8
DeKalb,Tennessee,788.9
Dickson,Tennessee,1268.9
Dyer,Tennessee,1322.4
Fayette,Tennessee,1824.8
Fentress,Tennessee,1291.5
Franklin,Tennessee,1432.6
Gibson,Tennessee,1561
Giles,Tennessee,1582.4
Grainger,Tennessee,726.1
Greene,Tennessee,1610.6
Grundy,Tennessee,933.9
Hamblen,Tennessee,417.1
Hamilton,Tennessee,1405.1
Hancock,Tennessee,575.8
Hardeman,Tennessee,1729
Hardin,Tennessee,1496.8
Hawkins,Tennessee,1260.5
Haywood,Tennessee,1381.1
Henderson,Tennessee,1347
Henry,Tennessee,1454.9
Hickman,Tennessee,1586.9
Houston,Tennessee,518.6
Humphreys,Tennessee,1378.5
Jackson,Tennessee,800
Jefferson,Tennessee,709.2
Johnson,Tennessee,773.1
Knox,Tennessee,1317
Lake,Tennessee,423.3
Lauderdale,Tennessee,1218.5
Lawrence,Tennessee,1598.6
Lewis,Tennessee,730.7
Lincoln,Tennessee,1477.1
Loudon,Tennessee,592.1
McMinn,Tennessee,1114.5
McNairy,Tennessee,1450.6
Macon,Tennessee,795.5
Madison,Tennessee,1442.9
Marion,Tennessee,1294.6
Marshall,Tennessee,972.3
Maury,Tennessee,1587.5
Meigs,Tennessee,504.7
Monroe,Tennessee,1645.3
Montgomery,Tennessee,1396.4
Moore,Tennessee,334.6
Morgan,Tennessee,1352.2
Obion,Tennessee,1411.4
Overton,Tennessee,1122.4
Perry,Tennessee,1074.7
Pickett,Tennessee,421.9
Polk,Tennessee,1126.9
Putnam,Tennessee,1038.5
Rhea,Tennessee,818.3
Roane,Tennessee,935
Robertson,Tennessee,1234.2
Rutherford,Tennessee,1603.1
Scott,Tennessee,1378.2
Sequatchie,Tennessee,688.6
Sevier,Tennessee,1534.1
Shelby,Tennessee,1955.1
Smith,Tennessee,814.4
Stewart,Tennessee,1185.4
Sullivan,Tennessee,1069.8
Sumner,Tennessee,1371
Tipton,Tennessee,1189.8
Trousdale,Tennessee,295.9
Unicoi,Tennessee,482.1
Union,Tennessee,579.1
Van,Tennessee,708.3
Warren,Tennessee,1120.7
Washington,Tennessee,844.9
Wayne,Tennessee,1901.1
Weakley,Tennessee,1502.9
White,Tennessee,975.8
Williamson,Tennessee,1509.3
Wilson,Tennessee,1477.9
Anderson,Texas,2773.7
Andrews,Texas,3886.9
Angelina,Texas,2076.2
Aransas,Texas,652.6
Archer,Texas,2356.3
Armstrong,Texas,2366.4
Atascosa,Texas,3191.4
Austin,Texas,1690.4
Bailey,Texas,2141.3
Bandera,Texas,2050.7
Bastrop,Texas,2301.1
Baylor,Texas,2255.5
Bee,Texas,2279.8
Bell,Texas,2742.8
Bexar,Texas,3229.5
Blanco,Texas,1842.3
Borden,Texas,2328.1
Bosque,Texas,2562.2
Bowie,Texas,2299.8
Brazoria,Texas,3592
Brazos,Texas,1517.3
Brewster,Texas,16040
Briscoe,Texas,2331.8
Brooks,Texas,2443.3
Brown,Texas,2444.9
Burleson,Texas,1723.9
Burnet,Texas,2577.8
Caldwell,Texas,1413.6
Calhoun,Texas,1327
Callahan,Texas,2327.6
Cameron,Texas,2345.4
Camp,Texas,511.6
Carson,Texas,2391.2
Cass,Texas,2428
Castro,Texas,2326.9
Chambers,Texas,1552.4
Cherokee,Texas,2725.5
Childress,Texas,1839.9
Clay,Texas,2843.5
Cochran,Texas,2007.9
Coke,Texas,2328.1
Coleman,Texas,3296.9
Collin,Texas,2195.6
Collingsworth,Texas,2379.8
Colorado,Texas,2494.3
Comal,Texas,1454.3
Comanche,Texas,2428.8
Concho,Texas,2568
Cooke,Texas,2263.1
Coryell,Texas,2724.3
Cottle,Texas,2334.2
Crane,Texas,2034.8
Crockett,Texas,7271.8
Crosby,Texas,2329.9
Culberson,Texas,9874.9
Dallam,Texas,3897.4
Dallas,Texas,2278.9
Dawson,Texas,2336.4
Deaf,Texas,3878.4
Delta,Texas,717.9
Denton,Texas,2301.2
DeWitt,Texas,2355
Dickens,Texas,2342
Dimmit,Texas,3447.3
Donley,Texas,2408.2
Duval,Texas,4643.5
Eastland,Texas,2398.6
Ector,Texas,2333.9
Edwards,Texas,5490.7
Ellis,Texas,2434.6
El,Texas,2623.9
Erath,Texas,2813.8
Falls,Texas,1992.1
Fannin,Texas,2309.1
Fayette,Texas,2460.8
Fisher,Texas,2334.2
Floyd,Texas,2570.1
Foard,Texas,1830.4
Fort,Texas,2266.4
Franklin,Texas,739.9
Freestone,Texas,2292.8
Frio,Texas,2934.8
Gaines,Texas,3891.3
Galveston,Texas,1032.6
Garza,Texas,2319.7
Gillespie,Texas,2748.4
Glasscock,Texas,2333.1
Goliad,Texas,2210.8
Gonzales,Texas,2765.7
Gray,Texas,2404.4
Grayson,Texas,2418.2
Gregg,Texas,709.8
Grimes,Texas,2056
Guadalupe,Texas,1842
Hale,Texas,2602.3
Hall,Texas,2339.1
Hamilton,Texas,2164.7
Hansford,Texas,2382.5
Hardeman,Texas,1801.2
Hardin,Texas,2316.4
Harris,Texas,4478.1
Harrison,Texas,2328
Hartley,Texas,3787.5
Haskell,Texas,2338.9
Hays,Texas,1755.9
Hemphill,Texas,2356.2
Henderson,Texas,2264.6
Hidalgo,Texas,4063.9
Hill,Texas,2492.7
Hockley,Texas,2352.5
Hood,Texas,1092
Hopkins,Texas,2032.5
Houston,Texas,3188.3
Howard,Texas,2338.6
Hudspeth,Texas,11839.8
Hunt,Texas,2178.8
Hutchinson,Texas,2298.4
Irion,Texas,2723.6
Jack,Texas,2376.2
Jackson,Texas,2148.5
Jasper,Texas,2428
Jeff,Texas,5865.3
Jefferson,Texas,2340.3
Jim,Texas,2942.7
Jim,Texas,2239.4
Johnson,Texas,1889.2
Jones,Texas,2411.5
Karnes,Texas,1943.5
Kaufman,Texas,2036.1
Kendall,Texas,1715.9
Kenedy,Texas,3773.3
Kent,Texas,2337.2
Kerr,Texas,2865.3
Kimble,Texas,3239.6
King,Texas,2363
Kinney,Texas,3531.6
Kleberg,Texas,2256
Knox,Texas,2212.3
Lamar,Texas,2375.2
Lamb,Texas,2632.2
Lampasas,Texas,1844.3
La,Texas,3856.5
Lavaca,Texas,2512.3
Lee,Texas,1628
Leon,Texas,2776.8
Liberty,Texas,3003.9
Limestone,Texas,2354
Lipscomb,Texas,2414.3
Live,Texas,2684.3
Llano,Texas,2421.3
Loving,Texas,1743.4
Lubbock,Texas,2330
Lynn,Texas,2310.1
Madison,Texas,1216.5
Marion,Texas,987.4
Martin,Texas,2369.5
Mason,Texas,2414.3
Matagorda,Texas,2886.7
Maverick,Texas,3315.6
McCulloch,Texas,2769.7
McLennan,Texas,2698.6
McMullen,Texas,2882.9
Medina,Texas,3439.2
Menard,Texas,2336.1
Midland,Texas,2331.8
Milam,Texas,2633.5
Mills,Texas,1937.8
Mitchell,Texas,2357.2
Montague,Texas,2410.6
Montgomery,Texas,2704.8
Moore,Texas,2330.3
Morris,Texas,659.2
Motley,Texas,2562.6
Nacogdoches,Texas,2452.3
Navarro,Texas,2774.4
Newton,Texas,2415.8
Nolan,Texas,2362.2
Nueces,Texas,2165
Ochiltree,Texas,2376.7
Oldham,Texas,3886.9
Orange,Texas,923.1
Palo,Texas,2468.2
Panola,Texas,2074.5
Parker,Texas,2340.3
Parmer,Texas,2283.7
Pecos,Texas,12338.8
Polk,Texas,2738.6
Potter,Texas,2355.5
Presidio,Texas,9986.5
Rains,Texas,601.1
Randall,Texas,2368.5
Reagan,Texas,3044.3
Real,Texas,1812.9
Red,Texas,2720.1
Reeves,Texas,6827.4
Refugio,Texas,1995.2
Roberts,Texas,2393.5
Robertson,Texas,2213.5
Rockwall,Texas,333.6
Runnels,Texas,2731.2
Rusk,Texas,2392.2
Sabine,Texas,1269.9
San,Texas,1367.3
San,Texas,1478.1
San,Texas,1791.7
San,Texas,2938.5
Schleicher,Texas,3394.7
Scurry,Texas,2337.7
Shackelford,Texas,2367.3
Shelby,Texas,2057
Sherman,Texas,2390.8
Smith,Texas,2404.8
Somervell,Texas,484.8
Starr,Texas,3167.9
Stephens,Texas,2317.3
Sterling,Texas,2391.7
Stonewall,Texas,2379.6
Sutton,Texas,3765.6
Swisher,Texas,2332.3
Tarrant,Texas,2236.5
Taylor,Texas,2371.7
Terrell,Texas,6107
Terry,Texas,2304.8
Throckmorton,Texas,2363.1
Titus,Texas,1063.4
Tom,Texas,3942.5
Travis,Texas,2562.6
Trinity,Texas,1794.6
Tyler,Texas,2390.5
Upshur,Texas,1522.2
Upton,Texas,3216.2
Uvalde,Texas,4031.7
Val,Texas,8212
Van,Texas,2198.4
Victoria,Texas,2285.9
Walker,Texas,2039.7
Waller,Texas,1330.3
Ward,Texas,2164.1
Washington,Texas,1578
Webb,Texas,8694.6
Wharton,Texas,2823.6
Wheeler,Texas,2368
Wichita,Texas,1625.7
Wilbarger,Texas,2515.2
Willacy,Texas,1545.5
Williamson,Texas,2912.1
Wilson,Texas,2090.6
Winkler,Texas,2178.5
Wise,Texas,2343.1
Wood,Texas,1684.3
Yoakum,Texas,2071.4
Young,Texas,2389
Zapata,Texas,2581.8
Zavala,Texas,3363.3
Beaver,Utah,6708.4
Box,Utah,14824.3
Cache,Utah,3016.4
Carbon,Utah,3829.5
Daggett,Utah,1808.8
Davis,Utah,788.6
Duchesne,Utah,8387.4
Emery,Utah,11531
Garfield,Utah,13402
Grand,Utah,9535.8
Iron,Utah,8543.1
Juab,Utah,8785
Kane,Utah,10339.7
Millard,Utah,17067.1
Morgan,Utah,1577.6
Piute,Utah,1962.9
Rich,Utah,2664.1
Salt,Utah,1909.9
San,Utah,20255.7
Sanpete,Utah,4113.3
Sevier,Utah,4947.9
Summit,Utah,4846.3
Tooele,Utah,17989.9
Uintah,Utah,11596.2
Utah,Utah,5175.9
Wasatch,Utah,3058.6
Washington,Utah,6286.4
Wayne,Utah,6372.6
Weber,Utah,1490.8
Addison,Vermont,1994.4
Bennington,Vermont,1751.7
Caledonia,Vermont,1686
Chittenden,Vermont,1395.9
Essex,Vermont,1723.1
Franklin,Vermont,1650
Grand,Vermont,214
Lamoille,Vermont,1192.9
Orange,Vermont,1783.8
Orleans,Vermont,1804.9
Rutland,Vermont,2414.4
Washington,Vermont,1786
Windham,Vermont,2042.9
Windsor,Vermont,2515.7
Accomack,Virginia,1177.4
Albemarle,Virginia,1871.9
Alleghany,Virginia,1154.8
Amelia,Virginia,924.2
Amherst,Virginia,1230.9
Appomattox,Virginia,864.3
Arlington,Virginia,67
Augusta,Virginia,2516.7
Bath,Virginia,1377.6
Bedford,Virginia,1955
Bland,Virginia,929
Botetourt,Virginia,1405.6
Brunswick,Virginia,1466.4
Buchanan,Virginia,1305.1
Buckingham,Virginia,1504.5
Campbell,Virginia,1306.7
Caroline,Virginia,1379.5
Carroll,Virginia,1234.2
Charles,Virginia,472.6
Charlotte,Virginia,1230.3
Chesterfield,Virginia,1102.6
Clarke,Virginia,457.5
Craig,Virginia,854.9
Culpeper,Virginia,987.2
Cumberland,Virginia,773.2
Dickenson,Virginia,861.6
Dinwiddie,Virginia,1304.7
Essex,Virginia,667.7
Fairfax,Virginia,1024.5
Fauquier,Virginia,1684.3
Floyd,Virginia,988
Fluvanna,Virginia,744.4
Franklin,Virginia,1792.6
Frederick,Virginia,1073.8
Giles,Virginia,927
Gloucester,Virginia,561
Goochland,Virginia,736.7
Grayson,Virginia,1146.5
Greene,Virginia,405.6
Greensville,Virginia,765.2
Halifax,Virginia,2107.7
Hanover,Virginia,1224.5
Henrico,Virginia,616.8
Henry,Virginia,990.4
Highland,Virginia,1077.1
Isle,Virginia,818.2
James,Virginia,370.1
King,Virginia,819.2
King,Virginia,466.2
King,Virginia,713.4
Lancaster,Virginia,344.9
Lee,Virginia,1132.2
Loudoun,Virginia,1346.6
Louisa,Virginia,1288.5
Lunenburg,Virginia,1118.3
Madison,Virginia,832.6
Mathews,Virginia,221.9
Mecklenburg,Virginia,1616.1
Middlesex,Virginia,337.5
Montgomery,Virginia,1005.5
Nelson,Virginia,1223.5
New,Virginia,543.5
Northampton,Virginia,537.1
Northumberland,Virginia,498.1
Nottoway,Virginia,815.2
Orange,Virginia,885.1
Page,Virginia,805.9
Patrick,Virginia,1251.4
Pittsylvania,Virginia,2514.5
Powhatan,Virginia,676.8
Prince,Virginia,913.8
Prince,Virginia,687.9
Prince,Virginia,876.5
Pulaski,Virginia,830.3
Rappahannock,Virginia,690.5
Richmond,Virginia,495.9
Roanoke,Virginia,649.2
Rockbridge,Virginia,1553.1
Rockingham,Virginia,2204.6
Russell,Virginia,1229.4
Scott,Virginia,1389.8
Shenandoah,Virginia,1326.7
Smyth,Virginia,1171
Southampton,Virginia,1554.7
Spotsylvania,Virginia,1038.3
Stafford,Virginia,699.3
Surry,Virginia,722.9
Sussex,Virginia,1271.1
Tazewell,Virginia,1346.2
Warren,Virginia,553.5
Washington,Virginia,1461.3
Westmoreland,Virginia,593.6
Wise,Virginia,1044.7
Wythe,Virginia,1199.8
York,Virginia,273.5
Alexandria,Virginia,39.6
Bedford,Virginia,17.7
Bristol,Virginia,30
Buena,Virginia,17.7
Charlottesville,Virginia,26.6
Chesapeake,Virginia,882.4
Colonial,Virginia,19.3
Covington,Virginia,11.5
Danville,Virginia,111.5
Emporia,Virginia,17.8
Fairfax,Virginia,16
Falls,Virginia,5.2
Franklin,Virginia,19.9
Fredericksburg,Virginia,27.2
Galax,Virginia,20.9
Hampton,Virginia,51.8
Harrisonburg,Virginia,45.5
Hopewell,Virginia,26.5
Lexington,Virginia,6.5
Lynchburg,Virginia,127.9
Manassas,Virginia,25.9
Manassas,Virginia,4.7
Martinsville,Virginia,28.4
Newport,Virginia,177
Norfolk,Virginia,139.2
Norton,Virginia,18.8
Petersburg,Virginia,59.3
Poquoson,Virginia,40.2
Portsmouth,Virginia,85.8
Radford,Virginia,25.4
Richmond,Virginia,155.7
Roanoke,Virginia,111.1
Salem,Virginia,37.7
Staunton,Virginia,51.2
Suffolk,Virginia,1036.2
Virginia,Virginia,643.2
Waynesboro,Virginia,36.4
Williamsburg,Virginia,22.3
Winchester,Virginia,24.2
Adams,Washington,4985.7
Asotin,Washington,1647
Benton,Washington,4411.1
Chelan,Washington,7567
Clallam,Washington,4520
Clark,Washington,1626.2
Columbia,Washington,2250.2
Cowlitz,Washington,2949.3
Douglas,Washington,4715.3
Ferry,Washington,5708.3
Franklin,Washington,3217.3
Garfield,Washington,1840.3
Grant,Washington,6931.8
Grays,Washington,4965.7
Island,Washington,540.3
Jefferson,Washington,4684.8
King,Washington,5506.6
Kitsap,Washington,1025.6
Kittitas,Washington,5948.3
Klickitat,Washington,4849.7
Lewis,Washington,6236.2
Lincoln,Washington,5986.1
Mason,Washington,2489.3
Okanogan,Washington,13644.8
Pacific,Washington,2524.1
Pend,Washington,3627.2
Pierce,Washington,4339.7
San,Washington,453.1
Skagit,Washington,4494.4
Skamania,Washington,4290.4
Snohomish,Washington,5413.6
Spokane,Washington,4568.3
Stevens,Washington,6418.9
Thurston,Washington,1883.1
Wahkiakum,Washington,684.4
Walla,Washington,3290.5
Whatcom,Washington,5490.9
Whitman,Washington,5592.8
Yakima,Washington,11126.9
Barbour,Washington,882.7
Berkeley,Washington,831.8
Boone,Washington,1302.8
Braxton,Washington,1330
Brooke,Washington,230.1
Cabell,Washington,729.4
Calhoun,Washington,726.8
Clay,Washington,886.9
Doddridge,Washington,830
Fayette,Washington,1719.7
Gilmer,Washington,880.8
Grant,Washington,1236.1
Greenbrier,Washington,2645.2
Hampshire,Washington,1662.2
Hancock,Washington,215.1
Hardy,Washington,1511.1
Harrison,Washington,1077.7
Jackson,Washington,1206.4
Jefferson,Washington,542.8
Kanawha,Washington,2339.2
Lewis,Washington,1007.1
Lincoln,Washington,1133
Logan,Washington,1176.5
McDowell,Washington,1385
Marion,Washington,802.1
Marshall,Washington,795.2
Mason,Washington,1118.6
Mercer,Washington,1089.1
Mineral,Washington,848.9
Mingo,Washington,1094.6
Monongalia,Washington,935.5
Monroe,Washington,1226.1
Morgan,Washington,593.2
Nicholas,Washington,1680.1
Ohio,Washington,275
Pendleton,Washington,1807.8
Pleasants,Washington,338.6
Pocahontas,Washington,2435.5
Preston,Washington,1679.3
Putnam,Washington,896.8
Raleigh,Washington,1572.1
Randolph,Washington,2693.1
Ritchie,Washington,1174.7
Roane,Washington,1252.6
Summers,Washington,935.5
Taylor,Washington,447.5
Tucker,Washington,1084.9
Tyler,Washington,667.1
Upshur,Washington,918.9
Wayne,Washington,1310
Webster,Washington,1440.4
Wetzel,Washington,930.4
Wirt,Washington,603.5
Wood,Washington,951.4
Wyoming,Washington,1297.3
Adams,Wisconsin,1677.8
Ashland,Wisconsin,2703.7
Barron,Wisconsin,2234.9
Bayfield,Wisconsin,3823.9
Brown,Wisconsin,1369.4
Buffalo,Wisconsin,1772.9
Burnett,Wisconsin,2127.8
Calumet,Wisconsin,828.5
Chippewa,Wisconsin,2617.1
Clark,Wisconsin,3148.7
Columbia,Wisconsin,2004.3
Crawford,Wisconsin,1483.4
Dane,Wisconsin,3113.6
Dodge,Wisconsin,2285.4
Door,Wisconsin,1250.3
Douglas,Wisconsin,3391
Dunn,Wisconsin,2206.9
Eau,Wisconsin,1651.5
Florence,Wisconsin,1264.1
Fond,Wisconsin,1872.5
Forest,Wisconsin,2626.6
Grant,Wisconsin,2973.1
Green,Wisconsin,1512.7
Green,Wisconsin,917.7
Iowa,Wisconsin,1975.5
Iron,Wisconsin,1961.4
Jackson,Wisconsin,2557.1
Jefferson,Wisconsin,1442.8
Juneau,Wisconsin,1988.3
Kenosha,Wisconsin,706.6
Kewaunee,Wisconsin,887.5
La,Wisconsin,1172.7
Lafayette,Wisconsin,1641.1
Langlade,Wisconsin,2260.4
Lincoln,Wisconsin,2287.1
Manitowoc,Wisconsin,1532.1
Marathon,Wisconsin,4001.7
Marinette,Wisconsin,3631.1
Marquette,Wisconsin,1179.8
Menominee,Wisconsin,927.2
Milwaukee,Wisconsin,625.6
Monroe,Wisconsin,2333.4
Oconto,Wisconsin,2585.1
Oneida,Wisconsin,2913
Outagamie,Wisconsin,1658.6
Ozaukee,Wisconsin,600.8
Pepin,Wisconsin,601.7
Pierce,Wisconsin,1493.2
Polk,Wisconsin,2375.9
Portage,Wisconsin,2088.5
Price,Wisconsin,3244.5
Racine,Wisconsin,862.8
Richland,Wisconsin,1518.4
Rock,Wisconsin,1866.2
Rusk,Wisconsin,2365.2
St.,Wisconsin,1869.9
Sauk,Wisconsin,2169.7
Sawyer,Wisconsin,3254.4
Shawano,Wisconsin,2311.8
Sheboygan,Wisconsin,1330.4
Taylor,Wisconsin,2525.1
Trempealeau,Wisconsin,1901.4
Vernon,Wisconsin,2058.9
Vilas,Wisconsin,2260.6
Walworth,Wisconsin,1438.5
Washburn,Wisconsin,2097.2
Washington,Wisconsin,1115.9
Waukesha,Wisconsin,1439
Waupaca,Wisconsin,1945.4
Waushara,Wisconsin,1621.6
Winnebago,Wisconsin,1136.1
Wood,Wisconsin,2053.5
Albany,Wyoming,11069.3
Big,Wyoming,8125.2
Campbell,Wyoming,12423.9
Carbon,Wyoming,20452.1
Converse,Wyoming,11020.1
Crook,Wyoming,7404
Fremont,Wyoming,23783.1
Goshen,Wyoming,5764
Hot,Wyoming,5190.3
Johnson,Wyoming,10791.1
Laramie,Wyoming,6957.4
Lincoln,Wyoming,10539.5
Natrona,Wyoming,13830.7
Niobrara,Wyoming,6801.1
Park,Wyoming,17981.7
Platte,Wyoming,5400.3
Sheridan,Wyoming,6535.7
Sublette,Wyoming,12643.4
Sweetwater,Wyoming,27003
Teton,Wyoming,10380.6
Uinta,Wyoming,5391.7
Washakie,Wyoming,5802
Weston,Wyoming,6210.6